Workbook

Sheet Summary
A2: Group | B2: Team | C2: Shortcut | D2: Badge | P2: Squad
A3: A | B3: Mexico | C3: MEX | D3: =$C3&" "&COLUMNS($D3:D3) -> MEX 1 | E3: =$C3&" "&COLUMNS($D3:E3) -> MEX 2 | F3: =$C3&" "&COLUMNS($D3:F3) -> MEX 3 | G3: =$C3&" "&COLUMNS($D3:G3) -> MEX 4 | H3: =$C3&" "&COLUMNS($D3:H3) -> MEX 5 | I3: =$C3&" "&COLUMNS($D3:I3) -> MEX 6 | J3: =$C3&" "&COLUMNS($D3:J3) -> MEX 7 | K3: =$C3&" "&COLUMNS($D3:K3) -> MEX 8 | ... W3: =$C3&" "&COLUMNS($D3:W3) -> MEX 20
B4: South Africa | C4: RSA | D4: =$C4&" "&COLUMNS($D4:D4) -> RSA 1 | E4: =$C4&" "&COLUMNS($D4:E4) -> RSA 2 | F4: =$C4&" "&COLUMNS($D4:F4) -> RSA 3 | G4: =$C4&" "&COLUMNS($D4:G4) -> RSA 4 | H4: =$C4&" "&COLUMNS($D4:H4) -> RSA 5 | I4: =$C4&" "&COLUMNS($D4:I4) -> RSA 6 | J4: =$C4&" "&COLUMNS($D4:J4) -> RSA 7 | K4: =$C4&" "&COLUMNS($D4:K4) -> RSA 8 | ... W4: =$C4&" "&COLUMNS($D4:W4) -> RSA 20
B5: Korea Republic | C5: KOR | D5: =$C5&" "&COLUMNS($D5:D5) -> KOR 1 | E5: =$C5&" "&COLUMNS($D5:E5) -> KOR 2 | F5: =$C5&" "&COLUMNS($D5:F5) -> KOR 3 | G5: =$C5&" "&COLUMNS($D5:G5) -> KOR 4 | H5: =$C5&" "&COLUMNS($D5:H5) -> KOR 5 | I5: =$C5&" "&COLUMNS($D5:I5) -> KOR 6 | J5: =$C5&" "&COLUMNS($D5:J5) -> KOR 7 | K5: =$C5&" "&COLUMNS($D5:K5) -> KOR 8 | ... W5: =$C5&" "&COLUMNS($D5:W5) -> KOR 20
B6: Czechia | C6: CZE | D6: =$C6&" "&COLUMNS($D6:D6) -> CZE 1 | E6: =$C6&" "&COLUMNS($D6:E6) -> CZE 2 | F6: =$C6&" "&COLUMNS($D6:F6) -> CZE 3 | G6: =$C6&" "&COLUMNS($D6:G6) -> CZE 4 | H6: =$C6&" "&COLUMNS($D6:H6) -> CZE 5 | I6: =$C6&" "&COLUMNS($D6:I6) -> CZE 6 | J6: =$C6&" "&COLUMNS($D6:J6) -> CZE 7 | K6: =$C6&" "&COLUMNS($D6:K6) -> CZE 8 | ... W6: =$C6&" "&COLUMNS($D6:W6) -> CZE 20
A8: B | B8: Canada | C8: CAN | D8: =$C8&" "&COLUMNS($D8:D8) -> CAN 1 | E8: =$C8&" "&COLUMNS($D8:E8) -> CAN 2 | F8: =$C8&" "&COLUMNS($D8:F8) -> CAN 3 | G8: =$C8&" "&COLUMNS($D8:G8) -> CAN 4 | H8: =$C8&" "&COLUMNS($D8:H8) -> CAN 5 | I8: =$C8&" "&COLUMNS($D8:I8) -> CAN 6 | J8: =$C8&" "&COLUMNS($D8:J8) -> CAN 7 | K8: =$C8&" "&COLUMNS($D8:K8) -> CAN 8 | ... W8: =$C8&" "&COLUMNS($D8:W8) -> CAN 20
B9: Bosnia-Herzegovina | C9: BIH | D9: =$C9&" "&COLUMNS($D9:D9) -> BIH 1 | E9: =$C9&" "&COLUMNS($D9:E9) -> BIH 2 | F9: =$C9&" "&COLUMNS($D9:F9) -> BIH 3 | G9: =$C9&" "&COLUMNS($D9:G9) -> BIH 4 | H9: =$C9&" "&COLUMNS($D9:H9) -> BIH 5 | I9: =$C9&" "&COLUMNS($D9:I9) -> BIH 6 | J9: =$C9&" "&COLUMNS($D9:J9) -> BIH 7 | K9: =$C9&" "&COLUMNS($D9:K9) -> BIH 8 | ... W9: =$C9&" "&COLUMNS($D9:W9) -> BIH 20
B10: Qatar | C10: QAT | D10: =$C10&" "&COLUMNS($D10:D10) -> QAT 1 | E10: =$C10&" "&COLUMNS($D10:E10) -> QAT 2 | F10: =$C10&" "&COLUMNS($D10:F10) -> QAT 3 | G10: =$C10&" "&COLUMNS($D10:G10) -> QAT 4 | H10: =$C10&" "&COLUMNS($D10:H10) -> QAT 5 | I10: =$C10&" "&COLUMNS($D10:I10) -> QAT 6 | J10: =$C10&" "&COLUMNS($D10:J10) -> QAT 7 | K10: =$C10&" "&COLUMNS($D10:K10) -> QAT 8 | ... W10: =$C10&" "&COLUMNS($D10:W10) -> QAT 20
B11: Switzerland | C11: SUI | D11: =$C11&" "&COLUMNS($D11:D11) -> SUI 1 | E11: =$C11&" "&COLUMNS($D11:E11) -> SUI 2 | F11: =$C11&" "&COLUMNS($D11:F11) -> SUI 3 | G11: =$C11&" "&COLUMNS($D11:G11) -> SUI 4 | H11: =$C11&" "&COLUMNS($D11:H11) -> SUI 5 | I11: =$C11&" "&COLUMNS($D11:I11) -> SUI 6 | J11: =$C11&" "&COLUMNS($D11:J11) -> SUI 7 | K11: =$C11&" "&COLUMNS($D11:K11) -> SUI 8 | ... W11: =$C11&" "&COLUMNS($D11:W11) -> SUI 20
A13: C | B13: Brazil | C13: BRA | D13: =$C13&" "&COLUMNS($D13:D13) -> BRA 1 | E13: =$C13&" "&COLUMNS($D13:E13) -> BRA 2 | F13: =$C13&" "&COLUMNS($D13:F13) -> BRA 3 | G13: =$C13&" "&COLUMNS($D13:G13) -> BRA 4 | H13: =$C13&" "&COLUMNS($D13:H13) -> BRA 5 | I13: =$C13&" "&COLUMNS($D13:I13) -> BRA 6 | J13: =$C13&" "&COLUMNS($D13:J13) -> BRA 7 | K13: =$C13&" "&COLUMNS($D13:K13) -> BRA 8 | ... W13: =$C13&" "&COLUMNS($D13:W13) -> BRA 20
B14: Morocco | C14: MAR | D14: =$C14&" "&COLUMNS($D14:D14) -> MAR 1 | E14: =$C14&" "&COLUMNS($D14:E14) -> MAR 2 | F14: =$C14&" "&COLUMNS($D14:F14) -> MAR 3 | G14: =$C14&" "&COLUMNS($D14:G14) -> MAR 4 | H14: =$C14&" "&COLUMNS($D14:H14) -> MAR 5 | I14: =$C14&" "&COLUMNS($D14:I14) -> MAR 6 | J14: =$C14&" "&COLUMNS($D14:J14) -> MAR 7 | K14: =$C14&" "&COLUMNS($D14:K14) -> MAR 8 | ... W14: =$C14&" "&COLUMNS($D14:W14) -> MAR 20
B15: Haiti | C15: HAI | D15: =$C15&" "&COLUMNS($D15:D15) -> HAI 1 | E15: =$C15&" "&COLUMNS($D15:E15) -> HAI 2 | F15: =$C15&" "&COLUMNS($D15:F15) -> HAI 3 | G15: =$C15&" "&COLUMNS($D15:G15) -> HAI 4 | H15: =$C15&" "&COLUMNS($D15:H15) -> HAI 5 | I15: =$C15&" "&COLUMNS($D15:I15) -> HAI 6 | J15: =$C15&" "&COLUMNS($D15:J15) -> HAI 7 | K15: =$C15&" "&COLUMNS($D15:K15) -> HAI 8 | ... W15: =$C15&" "&COLUMNS($D15:W15) -> HAI 20
B16: Scotland | C16: SCO | D16: =$C16&" "&COLUMNS($D16:D16) -> SCO 1 | E16: =$C16&" "&COLUMNS($D16:E16) -> SCO 2 | F16: =$C16&" "&COLUMNS($D16:F16) -> SCO 3 | G16: =$C16&" "&COLUMNS($D16:G16) -> SCO 4 | H16: =$C16&" "&COLUMNS($D16:H16) -> SCO 5 | I16: =$C16&" "&COLUMNS($D16:I16) -> SCO 6 | J16: =$C16&" "&COLUMNS($D16:J16) -> SCO 7 | K16: =$C16&" "&COLUMNS($D16:K16) -> SCO 8 | ... W16: =$C16&" "&COLUMNS($D16:W16) -> SCO 20
A18: D | B18: USA | C18: USA | D18: =$C18&" "&COLUMNS($D18:D18) -> USA 1 | E18: =$C18&" "&COLUMNS($D18:E18) -> USA 2 | F18: =$C18&" "&COLUMNS($D18:F18) -> USA 3 | G18: =$C18&" "&COLUMNS($D18:G18) -> USA 4 | H18: =$C18&" "&COLUMNS($D18:H18) -> USA 5 | I18: =$C18&" "&COLUMNS($D18:I18) -> USA 6 | J18: =$C18&" "&COLUMNS($D18:J18) -> USA 7 | K18: =$C18&" "&COLUMNS($D18:K18) -> USA 8 | ... W18: =$C18&" "&COLUMNS($D18:W18) -> USA 20
B19: Paraguay | C19: PAR | D19: =$C19&" "&COLUMNS($D19:D19) -> PAR 1 | E19: =$C19&" "&COLUMNS($D19:E19) -> PAR 2 | F19: =$C19&" "&COLUMNS($D19:F19) -> PAR 3 | G19: =$C19&" "&COLUMNS($D19:G19) -> PAR 4 | H19: =$C19&" "&COLUMNS($D19:H19) -> PAR 5 | I19: =$C19&" "&COLUMNS($D19:I19) -> PAR 6 | J19: =$C19&" "&COLUMNS($D19:J19) -> PAR 7 | K19: =$C19&" "&COLUMNS($D19:K19) -> PAR 8 | ... W19: =$C19&" "&COLUMNS($D19:W19) -> PAR 20
B20: Australia | C20: AUS | D20: =$C20&" "&COLUMNS($D20:D20) -> AUS 1 | E20: =$C20&" "&COLUMNS($D20:E20) -> AUS 2 | F20: =$C20&" "&COLUMNS($D20:F20) -> AUS 3 | G20: =$C20&" "&COLUMNS($D20:G20) -> AUS 4 | H20: =$C20&" "&COLUMNS($D20:H20) -> AUS 5 | I20: =$C20&" "&COLUMNS($D20:I20) -> AUS 6 | J20: =$C20&" "&COLUMNS($D20:J20) -> AUS 7 | K20: =$C20&" "&COLUMNS($D20:K20) -> AUS 8 | ... W20: =$C20&" "&COLUMNS($D20:W20) -> AUS 20
B21: Türkiye | C21: TUR | D21: =$C21&" "&COLUMNS($D21:D21) -> TUR 1 | E21: =$C21&" "&COLUMNS($D21:E21) -> TUR 2 | F21: =$C21&" "&COLUMNS($D21:F21) -> TUR 3 | G21: =$C21&" "&COLUMNS($D21:G21) -> TUR 4 | H21: =$C21&" "&COLUMNS($D21:H21) -> TUR 5 | I21: =$C21&" "&COLUMNS($D21:I21) -> TUR 6 | J21: =$C21&" "&COLUMNS($D21:J21) -> TUR 7 | K21: =$C21&" "&COLUMNS($D21:K21) -> TUR 8 | ... W21: =$C21&" "&COLUMNS($D21:W21) -> TUR 20
A23: E | B23: Germany | C23: GER | D23: =$C23&" "&COLUMNS($D23:D23) -> GER 1 | E23: =$C23&" "&COLUMNS($D23:E23) -> GER 2 | F23: =$C23&" "&COLUMNS($D23:F23) -> GER 3 | G23: =$C23&" "&COLUMNS($D23:G23) -> GER 4 | H23: =$C23&" "&COLUMNS($D23:H23) -> GER 5 | I23: =$C23&" "&COLUMNS($D23:I23) -> GER 6 | J23: =$C23&" "&COLUMNS($D23:J23) -> GER 7 | K23: =$C23&" "&COLUMNS($D23:K23) -> GER 8 | ... W23: =$C23&" "&COLUMNS($D23:W23) -> GER 20
B24: Curaçao | C24: CUW | D24: =$C24&" "&COLUMNS($D24:D24) -> CUW 1 | E24: =$C24&" "&COLUMNS($D24:E24) -> CUW 2 | F24: =$C24&" "&COLUMNS($D24:F24) -> CUW 3 | G24: =$C24&" "&COLUMNS($D24:G24) -> CUW 4 | H24: =$C24&" "&COLUMNS($D24:H24) -> CUW 5 | I24: =$C24&" "&COLUMNS($D24:I24) -> CUW 6 | J24: =$C24&" "&COLUMNS($D24:J24) -> CUW 7 | K24: =$C24&" "&COLUMNS($D24:K24) -> CUW 8 | ... W24: =$C24&" "&COLUMNS($D24:W24) -> CUW 20
B25: Côte d’Ivoire | C25: CIV | D25: =$C25&" "&COLUMNS($D25:D25) -> CIV 1 | E25: =$C25&" "&COLUMNS($D25:E25) -> CIV 2 | F25: =$C25&" "&COLUMNS($D25:F25) -> CIV 3 | G25: =$C25&" "&COLUMNS($D25:G25) -> CIV 4 | H25: =$C25&" "&COLUMNS($D25:H25) -> CIV 5 | I25: =$C25&" "&COLUMNS($D25:I25) -> CIV 6 | J25: =$C25&" "&COLUMNS($D25:J25) -> CIV 7 | K25: =$C25&" "&COLUMNS($D25:K25) -> CIV 8 | ... W25: =$C25&" "&COLUMNS($D25:W25) -> CIV 20
B26: Ecuador | C26: ECU | D26: =$C26&" "&COLUMNS($D26:D26) -> ECU 1 | E26: =$C26&" "&COLUMNS($D26:E26) -> ECU 2 | F26: =$C26&" "&COLUMNS($D26:F26) -> ECU 3 | G26: =$C26&" "&COLUMNS($D26:G26) -> ECU 4 | H26: =$C26&" "&COLUMNS($D26:H26) -> ECU 5 | I26: =$C26&" "&COLUMNS($D26:I26) -> ECU 6 | J26: =$C26&" "&COLUMNS($D26:J26) -> ECU 7 | K26: =$C26&" "&COLUMNS($D26:K26) -> ECU 8 | ... W26: =$C26&" "&COLUMNS($D26:W26) -> ECU 20
A28: F | B28: Netherlands | C28: NED | D28: =$C28&" "&COLUMNS($D28:D28) -> NED 1 | E28: =$C28&" "&COLUMNS($D28:E28) -> NED 2 | F28: =$C28&" "&COLUMNS($D28:F28) -> NED 3 | G28: =$C28&" "&COLUMNS($D28:G28) -> NED 4 | H28: =$C28&" "&COLUMNS($D28:H28) -> NED 5 | I28: =$C28&" "&COLUMNS($D28:I28) -> NED 6 | J28: =$C28&" "&COLUMNS($D28:J28) -> NED 7 | K28: =$C28&" "&COLUMNS($D28:K28) -> NED 8 | ... W28: =$C28&" "&COLUMNS($D28:W28) -> NED 20
B29: Japan | C29: JPN | D29: =$C29&" "&COLUMNS($D29:D29) -> JPN 1 | E29: =$C29&" "&COLUMNS($D29:E29) -> JPN 2 | F29: =$C29&" "&COLUMNS($D29:F29) -> JPN 3 | G29: =$C29&" "&COLUMNS($D29:G29) -> JPN 4 | H29: =$C29&" "&COLUMNS($D29:H29) -> JPN 5 | I29: =$C29&" "&COLUMNS($D29:I29) -> JPN 6 | J29: =$C29&" "&COLUMNS($D29:J29) -> JPN 7 | K29: =$C29&" "&COLUMNS($D29:K29) -> JPN 8 | ... W29: =$C29&" "&COLUMNS($D29:W29) -> JPN 20
B30: Sweden | C30: SWE | D30: =$C30&" "&COLUMNS($D30:D30) -> SWE 1 | E30: =$C30&" "&COLUMNS($D30:E30) -> SWE 2 | F30: =$C30&" "&COLUMNS($D30:F30) -> SWE 3 | G30: =$C30&" "&COLUMNS($D30:G30) -> SWE 4 | H30: =$C30&" "&COLUMNS($D30:H30) -> SWE 5 | I30: =$C30&" "&COLUMNS($D30:I30) -> SWE 6 | J30: =$C30&" "&COLUMNS($D30:J30) -> SWE 7 | K30: =$C30&" "&COLUMNS($D30:K30) -> SWE 8 | ... W30: =$C30&" "&COLUMNS($D30:W30) -> SWE 20
B31: Tunisia | C31: TUN | D31: =$C31&" "&COLUMNS($D31:D31) -> TUN 1 | E31: =$C31&" "&COLUMNS($D31:E31) -> TUN 2 | F31: =$C31&" "&COLUMNS($D31:F31) -> TUN 3 | G31: =$C31&" "&COLUMNS($D31:G31) -> TUN 4 | H31: =$C31&" "&COLUMNS($D31:H31) -> TUN 5 | I31: =$C31&" "&COLUMNS($D31:I31) -> TUN 6 | J31: =$C31&" "&COLUMNS($D31:J31) -> TUN 7 | K31: =$C31&" "&COLUMNS($D31:K31) -> TUN 8 | ... W31: =$C31&" "&COLUMNS($D31:W31) -> TUN 20
A33: G | B33: Belgium | C33: BEL | D33: =$C33&" "&COLUMNS($D33:D33) -> BEL 1 | E33: =$C33&" "&COLUMNS($D33:E33) -> BEL 2 | F33: =$C33&" "&COLUMNS($D33:F33) -> BEL 3 | G33: =$C33&" "&COLUMNS($D33:G33) -> BEL 4 | H33: =$C33&" "&COLUMNS($D33:H33) -> BEL 5 | I33: =$C33&" "&COLUMNS($D33:I33) -> BEL 6 | J33: =$C33&" "&COLUMNS($D33:J33) -> BEL 7 | K33: =$C33&" "&COLUMNS($D33:K33) -> BEL 8 | ... W33: =$C33&" "&COLUMNS($D33:W33) -> BEL 20
B34: Egypt | C34: EGY | D34: =$C34&" "&COLUMNS($D34:D34) -> EGY 1 | E34: =$C34&" "&COLUMNS($D34:E34) -> EGY 2 | F34: =$C34&" "&COLUMNS($D34:F34) -> EGY 3 | G34: =$C34&" "&COLUMNS($D34:G34) -> EGY 4 | H34: =$C34&" "&COLUMNS($D34:H34) -> EGY 5 | I34: =$C34&" "&COLUMNS($D34:I34) -> EGY 6 | J34: =$C34&" "&COLUMNS($D34:J34) -> EGY 7 | K34: =$C34&" "&COLUMNS($D34:K34) -> EGY 8 | ... W34: =$C34&" "&COLUMNS($D34:W34) -> EGY 20
B35: IR Iran | C35: IRN | D35: =$C35&" "&COLUMNS($D35:D35) -> IRN 1 | E35: =$C35&" "&COLUMNS($D35:E35) -> IRN 2 | F35: =$C35&" "&COLUMNS($D35:F35) -> IRN 3 | G35: =$C35&" "&COLUMNS($D35:G35) -> IRN 4 | H35: =$C35&" "&COLUMNS($D35:H35) -> IRN 5 | I35: =$C35&" "&COLUMNS($D35:I35) -> IRN 6 | J35: =$C35&" "&COLUMNS($D35:J35) -> IRN 7 | K35: =$C35&" "&COLUMNS($D35:K35) -> IRN 8 | ... W35: =$C35&" "&COLUMNS($D35:W35) -> IRN 20
B36: New Zealand | C36: NZL | D36: =$C36&" "&COLUMNS($D36:D36) -> NZL 1 | E36: =$C36&" "&COLUMNS($D36:E36) -> NZL 2 | F36: =$C36&" "&COLUMNS($D36:F36) -> NZL 3 | G36: =$C36&" "&COLUMNS($D36:G36) -> NZL 4 | H36: =$C36&" "&COLUMNS($D36:H36) -> NZL 5 | I36: =$C36&" "&COLUMNS($D36:I36) -> NZL 6 | J36: =$C36&" "&COLUMNS($D36:J36) -> NZL 7 | K36: =$C36&" "&COLUMNS($D36:K36) -> NZL 8 | ... W36: =$C36&" "&COLUMNS($D36:W36) -> NZL 20
A38: H | B38: Spain | C38: ESP | D38: =$C38&" "&COLUMNS($D38:D38) -> ESP 1 | E38: =$C38&" "&COLUMNS($D38:E38) -> ESP 2 | F38: =$C38&" "&COLUMNS($D38:F38) -> ESP 3 | G38: =$C38&" "&COLUMNS($D38:G38) -> ESP 4 | H38: =$C38&" "&COLUMNS($D38:H38) -> ESP 5 | I38: =$C38&" "&COLUMNS($D38:I38) -> ESP 6 | J38: =$C38&" "&COLUMNS($D38:J38) -> ESP 7 | K38: =$C38&" "&COLUMNS($D38:K38) -> ESP 8 | ... W38: =$C38&" "&COLUMNS($D38:W38) -> ESP 20
B39: Cabo Verde | C39: CPV | D39: =$C39&" "&COLUMNS($D39:D39) -> CPV 1 | E39: =$C39&" "&COLUMNS($D39:E39) -> CPV 2 | F39: =$C39&" "&COLUMNS($D39:F39) -> CPV 3 | G39: =$C39&" "&COLUMNS($D39:G39) -> CPV 4 | H39: =$C39&" "&COLUMNS($D39:H39) -> CPV 5 | I39: =$C39&" "&COLUMNS($D39:I39) -> CPV 6 | J39: =$C39&" "&COLUMNS($D39:J39) -> CPV 7 | K39: =$C39&" "&COLUMNS($D39:K39) -> CPV 8 | ... W39: =$C39&" "&COLUMNS($D39:W39) -> CPV 20
B40: Saudi Arabia | C40: KSA | D40: =$C40&" "&COLUMNS($D40:D40) -> KSA 1 | E40: =$C40&" "&COLUMNS($D40:E40) -> KSA 2 | F40: =$C40&" "&COLUMNS($D40:F40) -> KSA 3 | G40: =$C40&" "&COLUMNS($D40:G40) -> KSA 4 | H40: =$C40&" "&COLUMNS($D40:H40) -> KSA 5 | I40: =$C40&" "&COLUMNS($D40:I40) -> KSA 6 | J40: =$C40&" "&COLUMNS($D40:J40) -> KSA 7 | K40: =$C40&" "&COLUMNS($D40:K40) -> KSA 8 | ... W40: =$C40&" "&COLUMNS($D40:W40) -> KSA 20
B41: Uruguay | C41: URU | D41: =$C41&" "&COLUMNS($D41:D41) -> URU 1 | E41: =$C41&" "&COLUMNS($D41:E41) -> URU 2 | F41: =$C41&" "&COLUMNS($D41:F41) -> URU 3 | G41: =$C41&" "&COLUMNS($D41:G41) -> URU 4 | H41: =$C41&" "&COLUMNS($D41:H41) -> URU 5 | I41: =$C41&" "&COLUMNS($D41:I41) -> URU 6 | J41: =$C41&" "&COLUMNS($D41:J41) -> URU 7 | K41: =$C41&" "&COLUMNS($D41:K41) -> URU 8 | ... W41: =$C41&" "&COLUMNS($D41:W41) -> URU 20
A43: I | B43: France | C43: FRA | D43: =$C43&" "&COLUMNS($D43:D43) -> FRA 1 | E43: =$C43&" "&COLUMNS($D43:E43) -> FRA 2 | F43: =$C43&" "&COLUMNS($D43:F43) -> FRA 3 | G43: =$C43&" "&COLUMNS($D43:G43) -> FRA 4 | H43: =$C43&" "&COLUMNS($D43:H43) -> FRA 5 | I43: =$C43&" "&COLUMNS($D43:I43) -> FRA 6 | J43: =$C43&" "&COLUMNS($D43:J43) -> FRA 7 | K43: =$C43&" "&COLUMNS($D43:K43) -> FRA 8 | ... W43: =$C43&" "&COLUMNS($D43:W43) -> FRA 20
B44: Senegal | C44: SEN | D44: =$C44&" "&COLUMNS($D44:D44) -> SEN 1 | E44: =$C44&" "&COLUMNS($D44:E44) -> SEN 2 | F44: =$C44&" "&COLUMNS($D44:F44) -> SEN 3 | G44: =$C44&" "&COLUMNS($D44:G44) -> SEN 4 | H44: =$C44&" "&COLUMNS($D44:H44) -> SEN 5 | I44: =$C44&" "&COLUMNS($D44:I44) -> SEN 6 | J44: =$C44&" "&COLUMNS($D44:J44) -> SEN 7 | K44: =$C44&" "&COLUMNS($D44:K44) -> SEN 8 | ... W44: =$C44&" "&COLUMNS($D44:W44) -> SEN 20
B45: Iraq | C45: IRQ | D45: =$C45&" "&COLUMNS($D45:D45) -> IRQ 1 | E45: =$C45&" "&COLUMNS($D45:E45) -> IRQ 2 | F45: =$C45&" "&COLUMNS($D45:F45) -> IRQ 3 | G45: =$C45&" "&COLUMNS($D45:G45) -> IRQ 4 | H45: =$C45&" "&COLUMNS($D45:H45) -> IRQ 5 | I45: =$C45&" "&COLUMNS($D45:I45) -> IRQ 6 | J45: =$C45&" "&COLUMNS($D45:J45) -> IRQ 7 | K45: =$C45&" "&COLUMNS($D45:K45) -> IRQ 8 | ... W45: =$C45&" "&COLUMNS($D45:W45) -> IRQ 20
B46: Norway | C46: NOR | D46: =$C46&" "&COLUMNS($D46:D46) -> NOR 1 | E46: =$C46&" "&COLUMNS($D46:E46) -> NOR 2 | F46: =$C46&" "&COLUMNS($D46:F46) -> NOR 3 | G46: =$C46&" "&COLUMNS($D46:G46) -> NOR 4 | H46: =$C46&" "&COLUMNS($D46:H46) -> NOR 5 | I46: =$C46&" "&COLUMNS($D46:I46) -> NOR 6 | J46: =$C46&" "&COLUMNS($D46:J46) -> NOR 7 | K46: =$C46&" "&COLUMNS($D46:K46) -> NOR 8 | ... W46: =$C46&" "&COLUMNS($D46:W46) -> NOR 20
A48: J | B48: Argentina | C48: ARG | D48: =$C48&" "&COLUMNS($D48:D48) -> ARG 1 | E48: =$C48&" "&COLUMNS($D48:E48) -> ARG 2 | F48: =$C48&" "&COLUMNS($D48:F48) -> ARG 3 | G48: =$C48&" "&COLUMNS($D48:G48) -> ARG 4 | H48: =$C48&" "&COLUMNS($D48:H48) -> ARG 5 | I48: =$C48&" "&COLUMNS($D48:I48) -> ARG 6 | J48: =$C48&" "&COLUMNS($D48:J48) -> ARG 7 | K48: =$C48&" "&COLUMNS($D48:K48) -> ARG 8 | ... W48: =$C48&" "&COLUMNS($D48:W48) -> ARG 20
B49: Algeria | C49: ALG | D49: =$C49&" "&COLUMNS($D49:D49) -> ALG 1 | E49: =$C49&" "&COLUMNS($D49:E49) -> ALG 2 | F49: =$C49&" "&COLUMNS($D49:F49) -> ALG 3 | G49: =$C49&" "&COLUMNS($D49:G49) -> ALG 4 | H49: =$C49&" "&COLUMNS($D49:H49) -> ALG 5 | I49: =$C49&" "&COLUMNS($D49:I49) -> ALG 6 | J49: =$C49&" "&COLUMNS($D49:J49) -> ALG 7 | K49: =$C49&" "&COLUMNS($D49:K49) -> ALG 8 | ... W49: =$C49&" "&COLUMNS($D49:W49) -> ALG 20
B50: Austria | C50: AUT | D50: =$C50&" "&COLUMNS($D50:D50) -> AUT 1 | E50: =$C50&" "&COLUMNS($D50:E50) -> AUT 2 | F50: =$C50&" "&COLUMNS($D50:F50) -> AUT 3 | G50: =$C50&" "&COLUMNS($D50:G50) -> AUT 4 | H50: =$C50&" "&COLUMNS($D50:H50) -> AUT 5 | I50: =$C50&" "&COLUMNS($D50:I50) -> AUT 6 | J50: =$C50&" "&COLUMNS($D50:J50) -> AUT 7 | K50: =$C50&" "&COLUMNS($D50:K50) -> AUT 8 | ... W50: =$C50&" "&COLUMNS($D50:W50) -> AUT 20
B51: Jordan | C51: JOR | D51: =$C51&" "&COLUMNS($D51:D51) -> JOR 1 | E51: =$C51&" "&COLUMNS($D51:E51) -> JOR 2 | F51: =$C51&" "&COLUMNS($D51:F51) -> JOR 3 | G51: =$C51&" "&COLUMNS($D51:G51) -> JOR 4 | H51: =$C51&" "&COLUMNS($D51:H51) -> JOR 5 | I51: =$C51&" "&COLUMNS($D51:I51) -> JOR 6 | J51: =$C51&" "&COLUMNS($D51:J51) -> JOR 7 | K51: =$C51&" "&COLUMNS($D51:K51) -> JOR 8 | ... W51: =$C51&" "&COLUMNS($D51:W51) -> JOR 20
A53: K | B53: Portugal | C53: POR | D53: =$C53&" "&COLUMNS($D53:D53) -> POR 1 | E53: =$C53&" "&COLUMNS($D53:E53) -> POR 2 | F53: =$C53&" "&COLUMNS($D53:F53) -> POR 3 | G53: =$C53&" "&COLUMNS($D53:G53) -> POR 4 | H53: =$C53&" "&COLUMNS($D53:H53) -> POR 5 | I53: =$C53&" "&COLUMNS($D53:I53) -> POR 6 | J53: =$C53&" "&COLUMNS($D53:J53) -> POR 7 | K53: =$C53&" "&COLUMNS($D53:K53) -> POR 8 | ... W53: =$C53&" "&COLUMNS($D53:W53) -> POR 20
B54: Congo DR | C54: COD | D54: =$C54&" "&COLUMNS($D54:D54) -> COD 1 | E54: =$C54&" "&COLUMNS($D54:E54) -> COD 2 | F54: =$C54&" "&COLUMNS($D54:F54) -> COD 3 | G54: =$C54&" "&COLUMNS($D54:G54) -> COD 4 | H54: =$C54&" "&COLUMNS($D54:H54) -> COD 5 | I54: =$C54&" "&COLUMNS($D54:I54) -> COD 6 | J54: =$C54&" "&COLUMNS($D54:J54) -> COD 7 | K54: =$C54&" "&COLUMNS($D54:K54) -> COD 8 | ... W54: =$C54&" "&COLUMNS($D54:W54) -> COD 20
B55: Uzbekistan | C55: UZB | D55: =$C55&" "&COLUMNS($D55:D55) -> UZB 1 | E55: =$C55&" "&COLUMNS($D55:E55) -> UZB 2 | F55: =$C55&" "&COLUMNS($D55:F55) -> UZB 3 | G55: =$C55&" "&COLUMNS($D55:G55) -> UZB 4 | H55: =$C55&" "&COLUMNS($D55:H55) -> UZB 5 | I55: =$C55&" "&COLUMNS($D55:I55) -> UZB 6 | J55: =$C55&" "&COLUMNS($D55:J55) -> UZB 7 | K55: =$C55&" "&COLUMNS($D55:K55) -> UZB 8 | ... W55: =$C55&" "&COLUMNS($D55:W55) -> UZB 20
B56: Colombia | C56: COL | D56: =$C56&" "&COLUMNS($D56:D56) -> COL 1 | E56: =$C56&" "&COLUMNS($D56:E56) -> COL 2 | F56: =$C56&" "&COLUMNS($D56:F56) -> COL 3 | G56: =$C56&" "&COLUMNS($D56:G56) -> COL 4 | H56: =$C56&" "&COLUMNS($D56:H56) -> COL 5 | I56: =$C56&" "&COLUMNS($D56:I56) -> COL 6 | J56: =$C56&" "&COLUMNS($D56:J56) -> COL 7 | K56: =$C56&" "&COLUMNS($D56:K56) -> COL 8 | ... W56: =$C56&" "&COLUMNS($D56:W56) -> COL 20
A58: L | B58: England | C58: ENG | D58: =$C58&" "&COLUMNS($D58:D58) -> ENG 1 | E58: =$C58&" "&COLUMNS($D58:E58) -> ENG 2 | F58: =$C58&" "&COLUMNS($D58:F58) -> ENG 3 | G58: =$C58&" "&COLUMNS($D58:G58) -> ENG 4 | H58: =$C58&" "&COLUMNS($D58:H58) -> ENG 5 | I58: =$C58&" "&COLUMNS($D58:I58) -> ENG 6 | J58: =$C58&" "&COLUMNS($D58:J58) -> ENG 7 | K58: =$C58&" "&COLUMNS($D58:K58) -> ENG 8 | ... W58: =$C58&" "&COLUMNS($D58:W58) -> ENG 20
B59: Croatia | C59: CRO | D59: =$C59&" "&COLUMNS($D59:D59) -> CRO 1 | E59: =$C59&" "&COLUMNS($D59:E59) -> CRO 2 | F59: =$C59&" "&COLUMNS($D59:F59) -> CRO 3 | G59: =$C59&" "&COLUMNS($D59:G59) -> CRO 4 | H59: =$C59&" "&COLUMNS($D59:H59) -> CRO 5 | I59: =$C59&" "&COLUMNS($D59:I59) -> CRO 6 | J59: =$C59&" "&COLUMNS($D59:J59) -> CRO 7 | K59: =$C59&" "&COLUMNS($D59:K59) -> CRO 8 | ... W59: =$C59&" "&COLUMNS($D59:W59) -> CRO 20
B60: Ghana | C60: GHA | D60: =$C60&" "&COLUMNS($D60:D60) -> GHA 1 | E60: =$C60&" "&COLUMNS($D60:E60) -> GHA 2 | F60: =$C60&" "&COLUMNS($D60:F60) -> GHA 3 | G60: =$C60&" "&COLUMNS($D60:G60) -> GHA 4 | H60: =$C60&" "&COLUMNS($D60:H60) -> GHA 5 | I60: =$C60&" "&COLUMNS($D60:I60) -> GHA 6 | J60: =$C60&" "&COLUMNS($D60:J60) -> GHA 7 | K60: =$C60&" "&COLUMNS($D60:K60) -> GHA 8 | ... W60: =$C60&" "&COLUMNS($D60:W60) -> GHA 20
B61: Panama | C61: PAN | D61: =$C61&" "&COLUMNS($D61:D61) -> PAN 1 | E61: =$C61&" "&COLUMNS($D61:E61) -> PAN 2 | F61: =$C61&" "&COLUMNS($D61:F61) -> PAN 3 | G61: =$C61&" "&COLUMNS($D61:G61) -> PAN 4 | H61: =$C61&" "&COLUMNS($D61:H61) -> PAN 5 | I61: =$C61&" "&COLUMNS($D61:I61) -> PAN 6 | J61: =$C61&" "&COLUMNS($D61:J61) -> PAN 7 | K61: =$C61&" "&COLUMNS($D61:K61) -> PAN 8 | ... W61: =$C61&" "&COLUMNS($D61:W61) -> PAN 20
B63: Other | D63: 00
B64: FIFA World Cup History | C64: FWC | D64: =$C64&" "&COLUMNS($D64:D64) -> FWC 1 | E64: =$C64&" "&COLUMNS($D64:E64) -> FWC 2 | F64: =$C64&" "&COLUMNS($D64:F64) -> FWC 3 | G64: =$C64&" "&COLUMNS($D64:G64) -> FWC 4 | H64: =$C64&" "&COLUMNS($D64:H64) -> FWC 5 | I64: =$C64&" "&COLUMNS($D64:I64) -> FWC 6 | J64: =$C64&" "&COLUMNS($D64:J64) -> FWC 7 | K64: =$C64&" "&COLUMNS($D64:K64) -> FWC 8 | ... V64: =$C64&" "&COLUMNS($D64:V64) -> FWC 19
B65: Coca-Cola | C65: CC | D65: =$C65&" "&COLUMNS($D65:D65) -> CC 1 | E65: =$C65&" "&COLUMNS($D65:E65) -> CC 2 | F65: =$C65&" "&COLUMNS($D65:F65) -> CC 3 | G65: =$C65&" "&COLUMNS($D65:G65) -> CC 4 | H65: =$C65&" "&COLUMNS($D65:H65) -> CC 5 | I65: =$C65&" "&COLUMNS($D65:I65) -> CC 6 | J65: =$C65&" "&COLUMNS($D65:J65) -> CC 7 | K65: =$C65&" "&COLUMNS($D65:K65) -> CC 8 | ... O65: =$C65&" "&COLUMNS($D65:O65) -> CC 12

Sheet A-B
A2: A | B2: A
B3: Mexico | E3: South Africa | H3: Korea Republic | K3: Czechia
B4: MEX | E4: RSA | H4: KOR | K4: CZE
A5: 1 | B5: Badge | C5: 0 | D5: 1 | E5: Badge | F5: 0 | G5: 1 | H5: Badge | I5: 0 | J5: 1 | K5: Badge | L5: 0
A6: 2 | B6: Luis Malagón | C6: 0 | D6: 2 | E6: Ronwen Williams | F6: 0 | G6: 2 | H6: Hyeon-woo Jo | I6: 0 | J6: 2 | K6: Matěj Kovář | L6: 0
A7: 3 | B7: Johan Vásquez | C7: 0 | D7: 3 | E7: Sipho Chaine | F7: 0 | G7: 3 | H7: Seung-gyu Kim | I7: 0 | J7: 3 | K7: Jindřich Staněk | L7: 0
A8: 4 | B8: Jorge Sánchez | C8: 0 | D8: 4 | E8: Aubrey Modiba | F8: 0 | G8: 4 | H8: Min-jae Kim | I8: 0 | J8: 4 | K8: Ladislav Krejčí | L8: 0
A9: 5 | B9: César Montes | C9: 0 | D9: 5 | E9: Samukele Kabini | F9: 0 | G9: 5 | H9: Yu-min Cho | I9: 0 | J9: 5 | K9: Vladimír Coufal | L9: 0
A10: 6 | B10: Jesús Gallardo | C10: 0 | D10: 6 | E10: Mbekezeli Mbokazi | F10: 0 | G10: 6 | H10: Young-woo Seol | I10: 0 | J10: 6 | K10: Jaroslav Zelený | L10: 0
A11: 7 | B11: Israel Reyes | C11: 0 | D11: 7 | E11: Khulumani Ndamane | F11: 0 | G11: 7 | H11: Han-beom Lee | I11: 0 | J11: 7 | K11: Tomáš Holeš | L11: 0
A12: 8 | B12: Diego Lainez | C12: 0 | D12: 8 | E12: Siyabonga Ngezana | F12: 0 | G12: 8 | H12: Tae-seok Lee | I12: 0 | J12: 8 | K12: David Zima | L12: 0
A13: 9 | B13: Carlos Rodríguez | C13: 0 | D13: 9 | E13: Khuliso Mudau | F13: 0 | G13: 9 | H13: Myung-jae Lee | I13: 0 | J13: 9 | K13: Michal Sadílek | L13: 0
A14: 10 | B14: Edson Álvarez | C14: 0 | D14: 10 | E14: Nkosinathi Sibisi | F14: 0 | G14: 10 | H14: Jae-sung Lee | I14: 0 | J14: 10 | K14: Lukáš Provod | L14: 0
A15: 11 | B15: Orbelin Pineda | C15: 0 | D15: 11 | E15: Teboho Mokoena | F15: 0 | G15: 11 | H15: In-beom Hwang | I15: 0 | J15: 11 | K15: Lukáš Červ | L15: 0
A16: 12 | B16: Marcel Ruiz | C16: 0 | D16: 12 | E16: Thalente Mbatha | F16: 0 | G16: 12 | H16: Kang-in Lee | I16: 0 | J16: 12 | K16: Tomáš Souček | L16: 0
... A24: 20 | B24: César Huerta | C24: 0 | D24: 20 | E24: Oswin Appollis | F24: 0 | G24: 20 | H24: Hyeon-gyu Oh | I24: 0 | J24: 20 | K24: Patrik Schick | L24: 0
A26: B
B27: Canada | E27: Bosnia & Herzegovina | H27: Qatar | K27: Switzerland
B28: CAN | E28: BIH | H28: QAT | K28: SUI
A29: 1 | B29: Badge | C29: 0 | D29: 1 | E29: Badge | F29: 0 | G29: 1 | H29: Badge | I29: 0 | J29: 1 | K29: Badge | L29: 0
A30: 2 | B30: Dayne St. Clair | C30: 0 | D30: 2 | E30: Nikola Vasilj | F30: 0 | G30: 2 | H30: Meshaal Barsham | I30: 0 | J30: 2 | K30: Gregor Kobel | L30: 0
A31: 3 | B31: Alphonso Davies | C31: 0 | D31: 3 | E31: Amar Dedić | F31: 0 | G31: 3 | H31: Sultan Albrake | I31: 0 | J31: 3 | K31: Yvon Mvogo | L31: 0
A32: 4 | B32: Alistair Johnston | C32: 0 | D32: 4 | E32: Sead Kolašinac | F32: 0 | G32: 4 | H32: Lucas Mendes | I32: 0 | J32: 4 | K32: Manuel Akanji | L32: 0
A33: 5 | B33: Samuel Adekugbe | C33: 0 | D33: 5 | E33: Tarik Muharemović | F33: 0 | G33: 5 | H33: Homam Ahmed | I33: 1 | J33: 5 | K33: Ricardo Rodríguez | L33: 0
A34: 6 | B34: Richie Laryea | C34: 0 | D34: 6 | E34: Nihad Mujakić | F34: 0 | G34: 6 | H34: Boualem Khoukhi | I34: 0 | J34: 6 | K34: Nico Elvedi | L34: 0
A35: 7 | B35: Derek Cornelius | C35: 0 | D35: 7 | E35: Nikola Katić | F35: 0 | G35: 7 | H35: Pedro Miguel | I35: 0 | J35: 7 | K35: Aurèle Amenda | L35: 0
A36: 8 | B36: Moïse Bombito | C36: 0 | D36: 8 | E36: Amir Hadžiahmetović | F36: 0 | G36: 8 | H36: Tarek Salman | I36: 0 | J36: 8 | K36: Silvan Widmer | L36: 0
A37: 9 | B37: Kamal Miller | C37: 0 | D37: 9 | E37: Benjamin Tahirović | F37: 0 | G37: 9 | H37: Mohammed Mannai | I37: 0 | J37: 9 | K37: Granit Xhaka | L37: 0
A38: 10 | B38: Stephen Eustáquio | C38: 0 | D38: 10 | E38: Armin Gigović | F38: 0 | G38: 10 | H38: Karim Boudiaf | I38: 0 | J38: 10 | K38: Denis Zakaria | L38: 0
A39: 11 | B39: Ismaël Koné | C39: 0 | D39: 11 | E39: Ivan Šunjić | F39: 0 | G39: 11 | H39: Assim Madibo | I39: 0 | J39: 11 | K39: Remo Freuler | L39: 0
A40: 12 | B40: Jonathan Osorio | C40: 0 | D40: 12 | E40: Ivan Bašić | F40: 0 | G40: 12 | H40: Hamed Fatehi | I40: 0 | J40: 12 | K40: Fabian Rieder | L40: 0
... A48: 20 | B48: Jonathan David | C48: 0 | D48: 20 | E48: Haris Tabaković | F48: 0 | G48: 20 | H48: Almoez Ali | I48: 0 | J48: 20 | K48: Zeki Amdouni | L48: 0

Sheet C-D
A2: C | B2: C
B3: Brazil | E3: Morocco | H3: Haiti | K3: Scotland
B4: BRA | E4: MAR | H4: HAI | K4: SCO
A5: 1 | B5: Badge | C5: 0 | D5: 1 | E5: Badge | F5: 0 | G5: 1 | H5: Badge | I5: 0 | J5: 1 | K5: Badge | L5: 0
A6: 2 | B6: Alisson | C6: 0 | D6: 2 | E6: Yassine Bounou | F6: 0 | G6: 2 | H6: Johny Placide | I6: 0 | J6: 2 | K6: Angus Gunn | L6: 0
A7: 3 | B7: Bento | C7: 0 | D7: 3 | E7: Munir El Kajoui | F7: 0 | G7: 3 | H7: Carlens Arcus | I7: 0 | J7: 3 | K7: Jack Hendry | L7: 0
A8: 4 | B8: Marquinhos | C8: 0 | D8: 4 | E8: Achraf Hakimi | F8: 0 | G8: 4 | H8: Martin Expérience | I8: 0 | J8: 4 | K8: Kieran Tierney | L8: 0
A9: 5 | B9: Éder Militão | C9: 0 | D9: 5 | E9: Noussair Mazraoui | F9: 0 | G9: 5 | H9: Jean-Kévin Duverne | I9: 0 | J9: 5 | K9: Aaron Hickey | L9: 0
A10: 6 | B10: Gabriel Magalhães | C10: 0 | D10: 6 | E10: Nayef Aguerd | F10: 0 | G10: 6 | H10: Ricardo Adé | I10: 0 | J10: 6 | K10: Andrew Robertson | L10: 0
A11: 7 | B11: Danilo | C11: 0 | D11: 7 | E11: Romain Saïss | F11: 0 | G11: 7 | H11: Duke Lacroix | I11: 0 | J11: 7 | K11: Scott McKenna | L11: 0
A12: 8 | B12: Wesley | C12: 0 | D12: 8 | E12: Jawad El Yamiq | F12: 0 | G12: 8 | H12: Garven Metusala | I12: 0 | J12: 8 | K12: John Souttar | L12: 0
A13: 9 | B13: Lucas Paquetá | C13: 0 | D13: 9 | E13: Adam Masina | F13: 0 | G13: 9 | H13: Hannes Delcroix | I13: 0 | J13: 9 | K13: Anthony Ralston | L13: 0
A14: 10 | B14: Casemiro | C14: 0 | D14: 10 | E14: Sofyan Amrabat | F14: 0 | G14: 10 | H14: Leverton Pierre | I14: 0 | J14: 10 | K14: Grant Hanley | L14: 0
A15: 11 | B15: Bruno Guimarães | C15: 0 | D15: 11 | E15: Azzedine Ounahi | F15: 0 | G15: 11 | H15: Danley Jean Jacques | I15: 0 | J15: 11 | K15: Scott McTominay | L15: 0
A16: 12 | B16: Luiz Henrique | C16: 0 | D16: 12 | E16: Eliesse Ben Seghir | F16: 0 | G16: 12 | H16: Jean-Ricner Bellegarde | I16: 0 | J16: 12 | K16: Billy Gilmour | L16: 0
... A24: 20 | B24: Estêvão | C24: 0 | D24: 20 | E24: Ayoub El Kaabi | F24: 0 | G24: 20 | H24: Frantzdy Pierrot | I24: 0 | J24: 20 | K24: Ben Gannon-Doak | L24: 0
A26: D | B26: D
B27: USA | E27: Paraguay | H27: Australia | K27: Türkiye
B28: USA | E28: PAR | H28: AUS | K28: TUR
A29: 1 | B29: Badge | C29: 0 | D29: 1 | E29: Badge | F29: 0 | G29: 1 | H29: Badge | I29: 0 | J29: 1 | K29: Badge | L29: 0
A30: 2 | B30: Matt Freese | C30: 0 | D30: 2 | E30: Roberto Fernández | F30: 0 | G30: 2 | H30: Mathew Ryan | I30: 0 | J30: 2 | K30: Uğurcan Çakır | L30: 0
A31: 3 | B31: Chris Richards | C31: 0 | D31: 3 | E31: Orlando Gill | F31: 0 | G31: 3 | H31: Joe Gauci | I31: 0 | J31: 3 | K31: Mert Müldür | L31: 0
A32: 4 | B32: Tim Ream | C32: 0 | D32: 4 | E32: Gustavo Gómez | F32: 0 | G32: 4 | H32: Harry Souttar | I32: 0 | J32: 4 | K32: Zeki Çelik | L32: 0
A33: 5 | B33: Mark McKenzie | C33: 0 | D33: 5 | E33: Fabián Balbuena | F33: 0 | G33: 5 | H33: Alessandro Circati | I33: 0 | J33: 5 | K33: Abdülkerim Bardakcı | L33: 0
A34: 6 | B34: Alex Freeman | C34: 0 | D34: 6 | E34: Juan José Cáceres | F34: 0 | G34: 6 | H34: Jordan Bos | I34: 0 | J34: 6 | K34: Çağlar Söyüncü | L34: 0
A35: 7 | B35: Antonee Robinson | C35: 0 | D35: 7 | E35: Omar Alderete | F35: 0 | G35: 7 | H35: Aziz Behich | I35: 0 | J35: 7 | K35: Merih Demiral | L35: 0
A36: 8 | B36: Tyler Adams | C36: 0 | D36: 8 | E36: Júnior Alonso | F36: 0 | G36: 8 | H36: Cameron Burgess | I36: 0 | J36: 8 | K36: Ferdi Kadıoğlu | L36: 0
A37: 9 | B37: Tanner Tessmann | C37: 0 | D37: 9 | E37: Mathías Villasanti | F37: 0 | G37: 9 | H37: Lewis Miller | I37: 0 | J37: 9 | K37: Kaan Ayhan | L37: 0
A38: 10 | B38: Weston McKennie | C38: 0 | D38: 10 | E38: Diego Gómez | F38: 0 | G38: 10 | H38: Milos Degenek | I38: 0 | J38: 10 | K38: İsmail Yüksek | L38: 0
A39: 11 | B39: Christian Roldan | C39: 0 | D39: 11 | E39: Damián Bobadilla | F39: 0 | G39: 11 | H39: Jackson Irvine | I39: 0 | J39: 11 | K39: Hakan Çalhanoğlu | L39: 0
A40: 12 | B40: Timothy Weah | C40: 0 | D40: 12 | E40: Andrés Cubas | F40: 0 | G40: 12 | H40: Riley McGree | I40: 0 | J40: 12 | K40: Orkun Kökçü | L40: 0
... A48: 20 | B48: Folarin Balogun | C48: 0 | D48: 20 | E48: Antonio Sanabria | F48: 0 | G48: 20 | H48: Mohamed Touré | I48: 0 | J48: 20 | K48: Kenan Yıldız | L48: 0

Sheet E-F
A2: E | B2: E
B3: Germany | E3: Curaçao | H3: Côte d’Ivoire | K3: Ecuador
B4: GER | E4: CUW | H4: CIV | K4: ECU
A5: 1 | B5: Badge | C5: 0 | D5: 1 | E5: Badge | F5: 0 | G5: 1 | H5: Badge | I5: 0 | J5: 1 | K5: Badge | L5: 0
A6: 2 | B6: Marc-André ter Stegen | C6: 0 | D6: 2 | E6: Eloy Room | F6: 0 | G6: 2 | H6: Yahia Fofana | I6: 0 | J6: 2 | K6: Hernán Galíndez | L6: 0
A7: 3 | B7: Jonathan Tah | C7: 0 | D7: 3 | E7: Armando Obispo | F7: 0 | G7: 3 | H7: Ghislain Konan | I7: 0 | J7: 3 | K7: Gonzalo Valle | L7: 0
A8: 4 | B8: David Raum | C8: 0 | D8: 4 | E8: Sherel Floranus | F8: 0 | G8: 4 | H8: Wilfried Singo | I8: 0 | J8: 4 | K8: Piero Hincapié | L8: 0
A9: 5 | B9: Nico Schlotterbeck | C9: 0 | D9: 5 | E9: Jurien Gaari | F9: 0 | G9: 5 | H9: Odilon Kossounou | I9: 0 | J9: 5 | K9: Pervis Estupiñán | L9: 0
A10: 6 | B10: Antonio Rüdiger | C10: 0 | D10: 6 | E10: Joshua Brenet | F10: 0 | G10: 6 | H10: Evan Ndicka | I10: 0 | J10: 6 | K10: Willian Pacho | L10: 0
A11: 7 | B11: Waldemar Anton | C11: 0 | D11: 7 | E11: Roshon van Eijma | F11: 0 | G11: 7 | H11: Willy Boly | I11: 0 | J11: 7 | K11: Ángelo Preciado | L11: 0
A12: 8 | B12: Ridle Baku | C12: 0 | D12: 8 | E12: Shurandy Sambo | F12: 0 | G12: 8 | H12: Emmanuel Agbadou | I12: 0 | J12: 8 | K12: Joel Ordóñez | L12: 0
A13: 9 | B13: Maximilian Mittelstädt | C13: 0 | D13: 9 | E13: Livano Comenencia | F13: 0 | G13: 9 | H13: Ousmane Diomande | I13: 0 | J13: 9 | K13: Moisés Caicedo | L13: 0
A14: 10 | B14: Joshua Kimmich | C14: 0 | D14: 10 | E14: Godfried Roemeratoe | F14: 0 | G14: 10 | H14: Franck Kessié | I14: 0 | J14: 10 | K14: Alan Franco | L14: 0
A15: 11 | B15: Florian Wirtz | C15: 0 | D15: 11 | E15: Juninho Bacuna | F15: 0 | G15: 11 | H15: Seko Fofana | I15: 0 | J15: 11 | K15: Kendry Páez | L15: 0
A16: 12 | B16: Felix Nmecha | C16: 0 | D16: 12 | E16: Leandro Bacuna | F16: 0 | G16: 12 | H16: Ibrahim Sangaré | I16: 0 | J16: 12 | K16: Pedro Vite | L16: 0
... A24: 20 | B24: Nick Woltemade | C24: 0 | D24: 20 | E24: Sontje Hansen | F24: 0 | G24: 20 | H24: Oumar Diakité | I24: 0 | J24: 20 | K24: Enner Valencia | L24: 0
A26: F | B26: F
B27: Netherlands | E27: Japan | H27: Sweden | K27: Tunisia
B28: NED | E28: JPN | H28: SWE | K28: TUN
A29: 1 | B29: Badge | C29: 0 | D29: 1 | E29: Badge | F29: 0 | G29: 1 | H29: Badge | I29: 0 | J29: 1 | K29: Badge | L29: 0
A30: 2 | B30: Bart Verbruggen | C30: 0 | D30: 2 | E30: Zion Suzuki | F30: 0 | G30: 2 | H30: Viktor Johansson | I30: 0 | J30: 2 | K30: Bechir Ben Said | L30: 0
A31: 3 | B31: Virgil van Dijk | C31: 0 | D31: 3 | E31: Henry Heroki Mochizuki | F31: 0 | G31: 3 | H31: Isak Hien | I31: 0 | J31: 3 | K31: Aymen Dahmen | L31: 0
A32: 4 | B32: Micky van de Ven | C32: 0 | D32: 4 | E32: Ayumu Seko | F32: 0 | G32: 4 | H32: Gabriel Gudmundsson | I32: 0 | J32: 4 | K32: Yan Valery | L32: 0
A33: 5 | B33: Jurrien Timber | C33: 1 | D33: 5 | E33: Junnosuke Suzuki | F33: 0 | G33: 5 | H33: Emil Holm | I33: 0 | J33: 5 | K33: Montassar Talbi | L33: 0
A34: 6 | B34: Denzel Dumfries | C34: 0 | D34: 6 | E34: Shogo Taniguchi | F34: 0 | G34: 6 | H34: Victor Nilsson Lindelöf | I34: 0 | J34: 6 | K34: Yassine Meriah | L34: 0
A35: 7 | B35: Nathan Aké | C35: 0 | D35: 7 | E35: Tsuyoshi Watanabe | F35: 0 | G35: 7 | H35: Gustaf Lagerbielke | I35: 0 | J35: 7 | K35: Ali Abdi | L35: 0
A36: 8 | B36: Jeremie Frimpong | C36: 0 | D36: 8 | E36: Kaishu Sano | F36: 0 | G36: 8 | H36: Lucas Bergvall | I36: 0 | J36: 8 | K36: Dylan Bronn | L36: 0
A37: 9 | B37: Jan Paul van Hecke | C37: 0 | D37: 9 | E37: Yuki Soma | F37: 0 | G37: 9 | H37: Hugo Larsson | I37: 0 | J37: 9 | K37: Ellyes Skhiri | L37: 0
A38: 10 | B38: Tijjani Reijnders | C38: 0 | D38: 10 | E38: Ao Tanaka | F38: 0 | G38: 10 | H38: Jesper Karlström | I38: 0 | J38: 10 | K38: Aïssa Laïdouni | L38: 0
A39: 11 | B39: Ryan Gravenberch | C39: 0 | D39: 11 | E39: Daichi Kamada | F39: 0 | G39: 11 | H39: Yasin Ayari | I39: 0 | J39: 11 | K39: Ferjani Sassi | L39: 0
A40: 12 | B40: Teun Koopmeiners | C40: 0 | D40: 12 | E40: Takefusa Kubo | F40: 0 | G40: 12 | H40: Mattias Svanberg | I40: 0 | J40: 12 | K40: Mohamed Ali Ben Romdhane | L40: 0
... A48: 20 | B48: Cody Gakpo | C48: 0 | D48: 20 | E48: Ayase Ueda | F48: 0 | G48: 20 | H48: Viktor Gyökeres | I48: 0 | J48: 20 | K48: Naïm Sliti | L48: 0

Sheet G-H
A2: G | B2: G
B3: Belgium | E3: Egypt | H3: IR Iran | K3: New Zealand
B4: BEL | E4: EGY | H4: IRN | K4: NZL
A5: 1 | B5: Badge | C5: 0 | D5: 1 | E5: Badge | F5: 0 | G5: 1 | H5: Badge | I5: 0 | J5: 1 | K5: Badge | L5: 0
A6: 2 | B6: Thibaut Courtois | C6: 0 | D6: 2 | E6: Mohamed El Shenawy | F6: 0 | G6: 2 | H6: Alireza Beiranvand | I6: 0 | J6: 2 | K6: Max Crocombe | L6: 0
A7: 3 | B7: Arthur Theate | C7: 0 | D7: 3 | E7: Mohamed Hany | F7: 0 | G7: 3 | H7: Morteza Pouraliganji | I7: 0 | J7: 3 | K7: Alex Paulsen | L7: 0
A8: 4 | B8: Timothy Castagne | C8: 0 | D8: 4 | E8: Mohamed Hamdy | F8: 0 | G8: 4 | H8: Ehsan Hajsafi | I8: 0 | J8: 4 | K8: Michael Boxall | L8: 0
A9: 5 | B9: Zeno Debast | C9: 0 | D9: 5 | E9: Yasser Ibrahim | F9: 0 | G9: 5 | H9: Milad Mohammadi | I9: 0 | J9: 5 | K9: Liberato Cacace | L9: 0
A10: 6 | B10: Brandon Mechele | C10: 0 | D10: 6 | E10: Khaled Sobhi | F10: 0 | G10: 6 | H10: Shojae Khalilzadeh | I10: 0 | J10: 6 | K10: Tim Payne | L10: 0
A11: 7 | B11: Maxim De Cuyper | C11: 0 | D11: 7 | E11: Ramy Rabia | F11: 0 | G11: 7 | H11: Ramin Rezaeian | I11: 0 | J11: 7 | K11: Tyler Bindon | L11: 0
A12: 8 | B12: Thomas Meunier | C12: 0 | D12: 8 | E12: Hossam Abdelmaguid | F12: 0 | G12: 8 | H12: Hossein Kanaani | I12: 0 | J12: 8 | K12: Francis de Vries | L12: 0
A13: 9 | B13: Youri Tielemans | C13: 0 | D13: 9 | E13: Ahmed Fatouh | F13: 0 | G13: 9 | H13: Sadegh Moharrami | I13: 0 | J13: 9 | K13: Finn Surman | L13: 0
A14: 10 | B14: Amadou Onana | C14: 0 | D14: 10 | E14: Marwan Attia | F14: 0 | G14: 10 | H14: Saleh Hardani | I14: 0 | J14: 10 | K14: Joe Bell | L14: 0
A15: 11 | B15: Nicolas Raskin | C15: 0 | D15: 11 | E15: Zizo | F15: 0 | G15: 11 | H15: Saeed Ezatolahi | I15: 0 | J15: 11 | K15: Sarpreet Singh | L15: 0
A16: 12 | B16: Alexis Saelemaekers | C16: 0 | D16: 12 | E16: Hamdy Fathy | F16: 0 | G16: 12 | H16: Saman Ghoddos | I16: 0 | J16: 12 | K16: Ryan Thomas | L16: 0
... A24: 20 | B24: Romelu Lukaku | C24: 0 | D24: 20 | E24: Omar Marmoush | F24: 0 | G24: 20 | H24: Ali Gholizadeh | I24: 0 | J24: 20 | K24: Kosta Barbarouses | L24: 0
A26: H | B26: H
B27: Spain | E27: Cabo Verde | H27: Saudi Arabia | K27: Uruguay
B28: ESP | E28: CPV | H28: KSA | K28: URU
A29: 1 | B29: Badge | C29: 0 | D29: 1 | E29: Badge | F29: 0 | G29: 1 | H29: Badge | I29: 0 | J29: 1 | K29: Badge | L29: 0
A30: 2 | B30: Unai Simón | C30: 0 | D30: 2 | E30: Vozinha | F30: 0 | G30: 2 | H30: Nawaf Alaqidi | I30: 0 | J30: 2 | K30: Sergio Rochet | L30: 0
A31: 3 | B31: Robin Le Normand | C31: 0 | D31: 3 | E31: Logan Costa | F31: 0 | G31: 3 | H31: Abdulrahman Al-Sanbi | I31: 0 | J31: 3 | K31: Santiago Mele | L31: 0
A32: 4 | B32: Aymeric Laporte | C32: 0 | D32: 4 | E32: Pico | F32: 0 | G32: 4 | H32: Saud Abdulhamid | I32: 0 | J32: 4 | K32: Ronald Araújo | L32: 0
A33: 5 | B33: Dean Huijsen | C33: 0 | D33: 5 | E33: Diney | F33: 0 | G33: 5 | H33: Nawaf Boushal | I33: 0 | J33: 5 | K33: José María Giménez | L33: 0
A34: 6 | B34: Pedro Porro | C34: 0 | D34: 6 | E34: Steven Moreira | F34: 0 | G34: 6 | H34: Jihad Thakri | I34: 0 | J34: 6 | K34: Sebastián Cáceres | L34: 0
A35: 7 | B35: Dani Carvajal | C35: 0 | D35: 7 | E35: Wagner Pina | F35: 0 | G35: 7 | H35: Moteb Al-Harbi | I35: 0 | J35: 7 | K35: Mathías Olivera | L35: 0
A36: 8 | B36: Marc Cucurella | C36: 0 | D36: 8 | E36: João Paulo | F36: 0 | G36: 8 | H36: Hassan Altambakti | I36: 0 | J36: 8 | K36: Guillermo Varela | L36: 0
A37: 9 | B37: Martín Zubimendi | C37: 0 | D37: 9 | E37: Yannick Semedo | F37: 0 | G37: 9 | H37: Musab Aljuwayr | I37: 0 | J37: 9 | K37: Nahitan Nández | L37: 0
A38: 10 | B38: Rodri | C38: 0 | D38: 10 | E38: Kevin Pina | F38: 0 | G38: 10 | H38: Ziyad Aljohani | I38: 0 | J38: 10 | K38: Federico Valverde | L38: 0
A39: 11 | B39: Pedri | C39: 0 | D39: 11 | E39: Patrick Andrade | F39: 0 | G39: 11 | H39: Abdullah Alkhaibari | I39: 0 | J39: 11 | K39: Giorgian De Arrascaeta | L39: 0
A40: 12 | B40: Fabián Ruiz | C40: 0 | D40: 12 | E40: Jamiro Monteiro | F40: 0 | G40: 12 | H40: Nasser Aldawsari | I40: 0 | J40: 12 | K40: Rodrigo Bentancur | L40: 0
... A48: 20 | B48: Mikel Oyarzabal | C48: 0 | D48: 20 | E48: Bebé | F48: 0 | G48: 20 | H48: Abdullah Al-Hamdan | I48: 0 | J48: 20 | K48: Facundo Pellistri | L48: 0

Sheet I-J
A2: I | B2: I
B3: France | E3: Senegal | H3: Iraq | K3: Norway
B4: FRA | E4: SEN | H4: IRQ | K4: NOR
A5: 1 | B5: Badge | C5: 0 | D5: 1 | E5: Badge | F5: 0 | G5: 1 | H5: Badge | I5: 0 | J5: 1 | K5: Badge | L5: 0
A6: 2 | B6: Mike Maignan | C6: 0 | D6: 2 | E6: Edouard Mendy | F6: 0 | G6: 2 | H6: Jalal Hassan | I6: 0 | J6: 2 | K6: Ørjan Nyland | L6: 0
A7: 3 | B7: Théo Hernandez | C7: 0 | D7: 3 | E7: Yehvann Diouf | F7: 0 | G7: 3 | H7: Rebin Sulaka | I7: 0 | J7: 3 | K7: Julian Ryerson | L7: 0
A8: 4 | B8: William Saliba | C8: 0 | D8: 4 | E8: Moussa Niakhaté | F8: 0 | G8: 4 | H8: Hussein Ali | I8: 0 | J8: 4 | K8: Leo Østigård | L8: 0
A9: 5 | B9: Jules Koundé | C9: 0 | D9: 5 | E9: Abdoulaye Seck | F9: 0 | G9: 5 | H9: Akam Hashem | I9: 0 | J9: 5 | K9: Kristoffer Vassbakk Ajer | L9: 0
A10: 6 | B10: Ibrahima Konaté | C10: 0 | D10: 6 | E10: Ismail Jakobs | F10: 0 | G10: 6 | H10: Merchas Doski | I10: 0 | J10: 6 | K10: Marcus Holmgren Pedersen | L10: 0
A11: 7 | B11: Dayot Upamecano | C11: 0 | D11: 7 | E11: El Hadji Malick Diouf | F11: 0 | G11: 7 | H11: Zaid Tahseen | I11: 0 | J11: 7 | K11: David Møller Wolfe | L11: 0
A12: 8 | B12: Lucas Digne | C12: 0 | D12: 8 | E12: Kalidou Koulibaly | F12: 0 | G12: 8 | H12: Manaf Younis | I12: 0 | J12: 8 | K12: Torbjørn Heggem | L12: 0
A13: 9 | B13: Aurélien Tchouaméni | C13: 0 | D13: 9 | E13: Idrissa Gana Gueye | F13: 0 | G13: 9 | H13: Zidane Iqbal | I13: 0 | J13: 9 | K13: Morten Thorsby | L13: 0
A14: 10 | B14: Eduardo Camavinga | C14: 0 | D14: 10 | E14: Pape Matar Sarr | F14: 0 | G14: 10 | H14: Amir Al-Ammari | I14: 0 | J14: 10 | K14: Martin Ødegaard | L14: 0
A15: 11 | B15: Manu Koné | C15: 0 | D15: 11 | E15: Pape Gueye | F15: 0 | G15: 11 | H15: Ibrahim Bayesh | I15: 0 | J15: 11 | K15: Sander Berge | L15: 0
A16: 12 | B16: Adrien Rabiot | C16: 0 | D16: 12 | E16: Habib Diarra | F16: 0 | G16: 12 | H16: Ali Jasim | I16: 0 | J16: 12 | K16: Andreas Schjelderup | L16: 0
... A24: 20 | B24: Kylian Mbappé | C24: 0 | D24: 20 | E24: Krépin Diatta | F24: 0 | G24: 20 | H24: Mohanad Ali | I24: 0 | J24: 20 | K24: Oscar Bobb | L24: 0
A26: J | B26: J
B27: Argentina | E27: Algeria | H27: Austria | K27: Jordan
B28: ARG | E28: ALG | H28: AUT | K28: JOR
A29: 1 | B29: Badge | C29: 0 | D29: 1 | E29: Badge | F29: 0 | G29: 1 | H29: Badge | I29: 0 | J29: 1 | K29: Badge | L29: 0
A30: 2 | B30: Emiliano Martínez | C30: 0 | D30: 2 | E30: Alexis Guendouz | F30: 0 | G30: 2 | H30: Alexander Schlager | I30: 0 | J30: 2 | K30: Yazeed Abulaila | L30: 0
A31: 3 | B31: Nahuel Molina | C31: 0 | D31: 3 | E31: Ramy Bensebaini | F31: 0 | G31: 3 | H31: Patrick Pentz | I31: 0 | J31: 3 | K31: Ihsan Haddad | L31: 0
A32: 4 | B32: Cristian Romero | C32: 0 | D32: 4 | E32: Youcef Atal | F32: 0 | G32: 4 | H32: David Alaba | I32: 0 | J32: 4 | K32: Mohammad Abu Hashish | L32: 0
A33: 5 | B33: Nicolás Otamendi | C33: 0 | D33: 5 | E33: Rayan Aït-Nouri | F33: 0 | G33: 5 | H33: Kevin Danso | I33: 0 | J33: 5 | K33: Yazan Al-Arab | L33: 0
A34: 6 | B34: Nicolás Tagliafico | C34: 0 | D34: 6 | E34: Mohamed Amine Tougaï | F34: 0 | G34: 6 | H34: Philipp Lienhart | I34: 0 | J34: 6 | K34: Abdallah Nasib | L34: 0
A35: 7 | B35: Leonardo Balerdi | C35: 0 | D35: 7 | E35: Aïssa Mandi | F35: 0 | G35: 7 | H35: Stefan Posch | I35: 0 | J35: 7 | K35: Saleem Obaid | L35: 0
A36: 8 | B36: Enzo Fernández | C36: 0 | D36: 8 | E36: Ismaël Bennacer | F36: 0 | G36: 8 | H36: Philipp Mwene | I36: 0 | J36: 8 | K36: Mohammad Abualnadi | L36: 0
A37: 9 | B37: Alexis Mac Allister | C37: 0 | D37: 9 | E37: Houssem Aouar | F37: 0 | G37: 9 | H37: Alexander Prass | I37: 0 | J37: 9 | K37: Ibrahim Saadeh | L37: 0
A38: 10 | B38: Rodrigo De Paul | C38: 0 | D38: 10 | E38: Hicham Boudaoui | F38: 0 | G38: 10 | H38: Xaver Schlager | I38: 0 | J38: 10 | K38: Nizar Al-Rashdan | L38: 0
A39: 11 | B39: Exequiel Palacios | C39: 0 | D39: 11 | E39: Ramiz Zerrouki | F39: 0 | G39: 11 | H39: Marcel Sabitzer | I39: 0 | J39: 11 | K39: Noor Al-Rawabdeh | L39: 0
A40: 12 | B40: Leandro Paredes | C40: 0 | D40: 12 | E40: Nabil Bentaleb | F40: 0 | G40: 12 | H40: Konrad Laimer | I40: 0 | J40: 12 | K40: Mohannad Abu Taha | L40: 0
... A48: 20 | B48: Giuliano Simeone | C48: 0 | D48: 20 | E48: Mohamed Amoura | F48: 0 | G48: 20 | H48: Marko Arnautović | I48: 0 | J48: 20 | K48: Ibrahim Sabra | L48: 0

Sheet K-L
A1: k
A2: K | B2: K
B3: Portugal | E3: Congo DR | H3: Uzbekistan | K3: Colombia
B4: POR | E4: COD | H4: UZB | K4: COL
A5: 1 | B5: Badge | C5: 0 | D5: 1 | E5: Badge | F5: 0 | G5: 1 | H5: Badge | I5: 0 | J5: 1 | K5: Badge | L5: 0
A6: 2 | B6: Diogo Costa | C6: 0 | D6: 2 | E6: Lionel Mpasi | F6: 0 | G6: 2 | H6: Utkir Yusupov | I6: 0 | J6: 2 | K6: Camilo Vargas | L6: 0
A7: 3 | B7: José Sá | C7: 0 | D7: 3 | E7: Aaron Wan-Bissaka | F7: 0 | G7: 3 | H7: Farrukh Sayfiev | I7: 0 | J7: 3 | K7: David Ospina | L7: 0
A8: 4 | B8: Rúben Dias | C8: 0 | D8: 4 | E8: Axel Tuanzebe | F8: 0 | G8: 4 | H8: Sherzod Nasrullaev | I8: 0 | J8: 4 | K8: Davinson Sánchez | L8: 0
A9: 5 | B9: João Cancelo | C9: 0 | D9: 5 | E9: Arthur Masuaku | F9: 0 | G9: 5 | H9: Umar Eshmurodov | I9: 0 | J9: 5 | K9: Yerry Mina | L9: 0
A10: 6 | B10: Diogo Dalot | C10: 0 | D10: 6 | E10: Chancel Mbemba | F10: 0 | G10: 6 | H10: Husniddin Aliqulov | I10: 0 | J10: 6 | K10: Daniel Muñoz | L10: 0
A11: 7 | B11: Nuno Mendes | C11: 0 | D11: 7 | E11: Joris Kayembe | F11: 0 | G11: 7 | H11: Rustamjon Ashurmatov | I11: 0 | J11: 7 | K11: Johan Mojica | L11: 0
A12: 8 | B12: Gonçalo Inácio | C12: 0 | D12: 8 | E12: Charles Pickel | F12: 0 | G12: 8 | H12: Khojiakbar Alijonov | I12: 0 | J12: 8 | K12: Jhon Lucumí | L12: 0
A13: 9 | B13: Bernardo Silva | C13: 0 | D13: 9 | E13: Ngal'ayel Mukau | F13: 0 | G13: 9 | H13: Abdukodir Khusanov | I13: 0 | J13: 9 | K13: Santiago Arias | L13: 0
A14: 10 | B14: Bruno Fernandes | C14: 0 | D14: 10 | E14: Edo Kayembe | F14: 0 | G14: 10 | H14: Odiljon Hamrobekov | I14: 0 | J14: 10 | K14: Jefferson Lerma | L14: 0
A15: 11 | B15: Rúben Neves | C15: 0 | D15: 11 | E15: Samuel Moutoussamy | F15: 0 | G15: 11 | H15: Otabek Shukurov | I15: 0 | J15: 11 | K15: Kevin Castaño | L15: 0
A16: 12 | B16: Vitinha | C16: 0 | D16: 12 | E16: Noah Sadiki | F16: 0 | G16: 12 | H16: Jamshid Iskanderov | I16: 0 | J16: 12 | K16: Richard Ríos | L16: 0
... A24: 20 | B24: Rafael Leão | C24: 0 | D24: 20 | E24: Nathanaël Mbuku | F24: 0 | G24: 20 | H24: Abbosbek Fayzullaev | I24: 0 | J24: 20 | K24: Luis Díaz | L24: 0
A26: L | B26: L
B27: England | E27: Croatia | H27: Ghana | K27: Panama
B28: ENG | E28: CRO | H28: GHA | K28: PAN
A29: 1 | B29: Badge | C29: 0 | D29: 1 | E29: Badge | F29: 0 | G29: 1 | H29: Badge | I29: 0 | J29: 1 | K29: Badge | L29: 0
A30: 2 | B30: Jordan Pickford | C30: 0 | D30: 2 | E30: Dominik Livaković | F30: 0 | G30: 2 | H30: Lawrence Ati Zigi | I30: 0 | J30: 2 | K30: Orlando Mosquera | L30: 0
A31: 3 | B31: John Stones | C31: 0 | D31: 3 | E31: Duje Ćaleta-Car | F31: 0 | G31: 3 | H31: Tariq Lamptey | I31: 0 | J31: 3 | K31: Luis Mejía | L31: 0
A32: 4 | B32: Marc Guéhi | C32: 0 | D32: 4 | E32: Joško Gvardiol | F32: 0 | G32: 4 | H32: Mohammed Salisu | I32: 0 | J32: 4 | K32: Fidel Escobar | L32: 0
A33: 5 | B33: Ezri Konsa | C33: 0 | D33: 5 | E33: Josip Stanišić | F33: 0 | G33: 5 | H33: Alidu Seidu | I33: 0 | J33: 5 | K33: Andrés Andrade | L33: 0
A34: 6 | B34: Trent Alexander-Arnold | C34: 0 | D34: 6 | E34: Luka Vušković | F34: 0 | G34: 6 | H34: Alexander Djiku | I34: 1 | J34: 6 | K34: Michael Amir Murillo | L34: 0
A35: 7 | B35: Reece James | C35: 0 | D35: 7 | E35: Josip Šutalo | F35: 0 | G35: 7 | H35: Gideon Mensah | I35: 0 | J35: 7 | K35: Eric Davis | L35: 0
A36: 8 | B36: Dan Burn | C36: 0 | D36: 8 | E36: Kristijan Jakić | F36: 0 | G36: 8 | H36: Caleb Yirenkyi | I36: 0 | J36: 8 | K36: José Córdoba | L36: 0
A37: 9 | B37: Jordan Henderson | C37: 0 | D37: 9 | E37: Luka Modrić | F37: 0 | G37: 9 | H37: Abdul Issahaku Fatawu | I37: 0 | J37: 9 | K37: César Blackman | L37: 0
A38: 10 | B38: Declan Rice | C38: 0 | D38: 10 | E38: Mateo Kovačić | F38: 0 | G38: 10 | H38: Thomas Partey | I38: 0 | J38: 10 | K38: Cristian Martínez | L38: 0
A39: 11 | B39: Jude Bellingham | C39: 0 | D39: 11 | E39: Martin Baturina | F39: 0 | G39: 11 | H39: Salis Abdul Samed | I39: 0 | J39: 11 | K39: Aníbal Godoy | L39: 0
A40: 12 | B40: Cole Palmer | C40: 0 | D40: 12 | E40: Lovro Majer | F40: 0 | G40: 12 | H40: Kamaldeen Sulemana | I40: 0 | J40: 12 | K40: Adalberto Carrasquilla | L40: 0
... A48: 20 | B48: Ollie Watkins | C48: 0 | D48: 20 | E48: Franjo Ivanović | F48: 0 | G48: 20 | H48: Antoine Semenyo | I48: 0 | J48: 20 | K48: Alberto Quintero | L48: 0

Sheet Others
A2: 00 | D2: FIFA World Cup History | H2: Coca-Cola
A3: 00 | B3: 0 | D3: FWC1 | E3: Official Emblem | F3: 0 | H3: CC1 | I3: Lamine Yamal | J3: 0
D4: FWC2 | E4: Official Emblem | F4: 0 | H4: CC2 | I4: Joshua Kimmich | J4: 0
D5: FWC3 | E5: Official Mascots | F5: 0 | H5: CC3 | I5: Eduardo Camavinga | J5: 0
D6: FWC4 | E6: Official Slogan | F6: 0 | H6: CC4 | I6: Josko Vardiol | J6: 0
D7: FWC5 | E7: Official Ball | F7: 0 | H7: CC5 | I7: Federico Valverde | J7: 0
D8: FWC6 | E8: Host Country Emblem | F8: 0 | H8: CC6 | I8: Virgil van Dijk | J8: 0
D9: FWC7 | E9: Host Country Emblem | F9: 0 | H9: CC7 | I9: Alphonso Davies | J9: 0
D10: FWC8 | E10: Host Country Emblem | F10: 0 | H10: CC8 | I10: Raul Jimenez | J10: 0
D11: FWC9 | E11: FIFA World Cup Italy 1934 | F11: 0 | H11: CC9 | I11: William Saliba | J11: 0
D12: FWC10 | E12: FIFA World Cup Brazil 1950 | F12: 0 | H12: CC10 | I12: Lautaro mArtinez | J12: 0
D13: FWC11 | E13: FIFA World Cup Switzerland 1954 | F13: 0 | H13: CC11 | I13: Harry Kane | J13: 0
D14: FWC12 | E14: FIFA World Cup Chile 1962 | F14: 0 | H14: CC12 | I14: Antonee Robinson | J14: 0
D15: FWC13 | E15: FIFA World Cup Germany 1974 | F15: 0
D16: FWC14 | E16: FIFA World Cup Mexico 1986 | F16: 0
D17: FWC15 | E17: FIFA World Cup USA 1994 | F17: 0
D18: FWC16 | E18: FIFA World Cup Korea-Japan 2002 | F18: 0
D19: FWC17 | E19: FIFA World Cup Germany 2006 | F19: 0
D20: FWC18 | E20: FIFA World Cup Brazil 2014 | F20: 0
D21: FWC19 | E21: FIFA World Cup Qatar 2022 | F21: 0

Sheet Missing Stickers
A1: Missing Stickers
A2: Group | B2: Team | C2: Shortcut
A3: A | B3: Mexico | C3: MEX | D3: {=IF($B3="Other",_xlfn.LET(_xlpm.num,IFERROR(--Others!$B$3,0),IF(_xlpm.num<1,Summary!D3,"")),IF($C3="FWC",_xlfn.LET(_xlpm.codes,_xlfn._xlws.FILTER(Summary!D3:W3,Summary!D3:W3<>""),_xlpm.nums,TRANSPOSE(IFERROR(--Others!$F$3:$F$21,0)),IFERROR(_xlfn.TEXTJOIN(", ",TRUE,_xlfn._xlws.FILTER(_xlpm.codes,_xlpm.nums<1)),"")),IF($C3="CC",_xlfn.LET(_xlpm.codes,_xlfn._xlws.FILTER(Summary!D3:W3,Summary!D3:W3<>""),_xlpm.nums,TRANSPOSE(IFERROR(--Others!$J$3:$J$14,0)),IFERROR(_xlfn.TEXTJOIN(", ",TRUE,_xlfn._xlws.FILTER(_xlpm.codes,_xlpm.nums<1)),"")),IF($C3="","",_xlfn.LET(_xlpm.idx,COUNTIF($C$3:INDEX($C:$C,ROW()),"<>"),_xlpm.grpNo,ROUNDUP(_xlpm.idx/4,0),_xlpm.sh,CHOOSE(ROUNDUP(_xlpm.grpNo/2,0),"A-B","C-D","E-F","G-H","I-J","K-L"),_xlpm.startRow,IF(ISODD(_xlpm.grpNo),5,29),_xlpm.teamNo,MOD(_xlpm.idx-1,4)+1,_xlpm.counts,CHOOSE(_xlpm.teamNo,INDIRECT("'"&_xlpm.sh&"'!C"&_xlpm.startRow&":C"&(_xlpm.startRow+19)),INDIRECT("'"&_xlpm.sh&"'!F"&_xlpm.startRow&":F"&(_xlpm.startRow+19)),INDIRECT("'"&_xlpm.sh&"'!I"&_xlpm.startRow&":I"&(_xlpm.startRow+19)),INDIRECT("'"&_xlpm.sh&"'!L"&_xlpm.startRow&":L"&(_xlpm.startRow+19))),_xlpm.nums,TRANSPOSE(IFERROR(--_xlpm.counts,0)),_xlpm.codes,Summary!D3:W3,IFERROR(_xlfn.TEXTJOIN(", ",TRUE,_xlfn._xlws.FILTER(_xlpm.codes,_xlpm.nums<1)),""))))))} -> MEX 1, MEX 2, MEX 3, MEX 4, MEX 5, MEX 6, MEX 7, MEX 8, MEX 9, MEX 10, MEX 11, MEX 12, MEX 13, MEX 14, MEX 15, MEX 16, MEX 17, MEX 18, MEX 19, MEX 20
A4: A | B4: South Africa | C4: RSA | D4: {=IF($B4="Other",_xlfn.LET(_xlpm.num,IFERROR(--Others!$B$3,0),IF(_xlpm.num<1,Summary!D4,"")),IF($C4="FWC",_xlfn.LET(_xlpm.codes,_xlfn._xlws.FILTER(Summary!D4:W4,Summary!D4:W4<>""),_xlpm.nums,TRANSPOSE(IFERROR(--Others!$F$3:$F$21,0)),IFERROR(_xlfn.TEXTJOIN(", ",TRUE,_xlfn._xlws.FILTER(_xlpm.codes,_xlpm.nums<1)),"")),IF($C4="CC",_xlfn.LET(_xlpm.codes,_xlfn._xlws.FILTER(Summary!D4:W4,Summary!D4:W4<>""),_xlpm.nums,TRANSPOSE(IFERROR(--Others!$J$3:$J$14,0)),IFERROR(_xlfn.TEXTJOIN(", ",TRUE,_xlfn._xlws.FILTER(_xlpm.codes,_xlpm.nums<1)),"")),IF($C4="","",_xlfn.LET(_xlpm.idx,COUNTIF($C$3:INDEX($C:$C,ROW()),"<>"),_xlpm.grpNo,ROUNDUP(_xlpm.idx/4,0),_xlpm.sh,CHOOSE(ROUNDUP(_xlpm.grpNo/2,0),"A-B","C-D","E-F","G-H","I-J","K-L"),_xlpm.startRow,IF(ISODD(_xlpm.grpNo),5,29),_xlpm.teamNo,MOD(_xlpm.idx-1,4)+1,_xlpm.counts,CHOOSE(_xlpm.teamNo,INDIRECT("'"&_xlpm.sh&"'!C"&_xlpm.startRow&":C"&(_xlpm.startRow+19)),INDIRECT("'"&_xlpm.sh&"'!F"&_xlpm.startRow&":F"&(_xlpm.startRow+19)),INDIRECT("'"&_xlpm.sh&"'!I"&_xlpm.startRow&":I"&(_xlpm.startRow+19)),INDIRECT("'"&_xlpm.sh&"'!L"&_xlpm.startRow&":L"&(_xlpm.startRow+19))),_xlpm.nums,TRANSPOSE(IFERROR(--_xlpm.counts,0)),_xlpm.codes,Summary!D4:W4,IFERROR(_xlfn.TEXTJOIN(", ",TRUE,_xlfn._xlws.FILTER(_xlpm.codes,_xlpm.nums<1)),""))))))} -> RSA 1, RSA 2, RSA 3, RSA 4, RSA 5, RSA 6, RSA 7, RSA 8, RSA 9, RSA 10, RSA 11, RSA 12, RSA 13, RSA 14, RSA 15, RSA 16, RSA 17, RSA 18, RSA 19, RSA 20
A5: A | B5: Korea Republic | C5: KOR | D5: {=IF($B5="Other",_xlfn.LET(_xlpm.num,IFERROR(--Others!$B$3,0),IF(_xlpm.num<1,Summary!D5,"")),IF($C5="FWC",_xlfn.LET(_xlpm.codes,_xlfn._xlws.FILTER(Summary!D5:W5,Summary!D5:W5<>""),_xlpm.nums,TRANSPOSE(IFERROR(--Others!$F$3:$F$21,0)),IFERROR(_xlfn.TEXTJOIN(", ",TRUE,_xlfn._xlws.FILTER(_xlpm.codes,_xlpm.nums<1)),"")),IF($C5="CC",_xlfn.LET(_xlpm.codes,_xlfn._xlws.FILTER(Summary!D5:W5,Summary!D5:W5<>""),_xlpm.nums,TRANSPOSE(IFERROR(--Others!$J$3:$J$14,0)),IFERROR(_xlfn.TEXTJOIN(", ",TRUE,_xlfn._xlws.FILTER(_xlpm.codes,_xlpm.nums<1)),"")),IF($C5="","",_xlfn.LET(_xlpm.idx,COUNTIF($C$3:INDEX($C:$C,ROW()),"<>"),_xlpm.grpNo,ROUNDUP(_xlpm.idx/4,0),_xlpm.sh,CHOOSE(ROUNDUP(_xlpm.grpNo/2,0),"A-B","C-D","E-F","G-H","I-J","K-L"),_xlpm.startRow,IF(ISODD(_xlpm.grpNo),5,29),_xlpm.teamNo,MOD(_xlpm.idx-1,4)+1,_xlpm.counts,CHOOSE(_xlpm.teamNo,INDIRECT("'"&_xlpm.sh&"'!C"&_xlpm.startRow&":C"&(_xlpm.startRow+19)),INDIRECT("'"&_xlpm.sh&"'!F"&_xlpm.startRow&":F"&(_xlpm.startRow+19)),INDIRECT("'"&_xlpm.sh&"'!I"&_xlpm.startRow&":I"&(_xlpm.startRow+19)),INDIRECT("'"&_xlpm.sh&"'!L"&_xlpm.startRow&":L"&(_xlpm.startRow+19))),_xlpm.nums,TRANSPOSE(IFERROR(--_xlpm.counts,0)),_xlpm.codes,Summary!D5:W5,IFERROR(_xlfn.TEXTJOIN(", ",TRUE,_xlfn._xlws.FILTER(_xlpm.codes,_xlpm.nums<1)),""))))))} -> KOR 1, KOR 2, KOR 3, KOR 4, KOR 5, KOR 6, KOR 7, KOR 8, KOR 9, KOR 10, KOR 11, KOR 12, KOR 13, KOR 14, KOR 15, KOR 16, KOR 17, KOR 18, KOR 19, KOR 20
A6: A | B6: Czechia | C6: CZE | D6: {=IF($B6="Other",_xlfn.LET(_xlpm.num,IFERROR(--Others!$B$3,0),IF(_xlpm.num<1,Summary!D6,"")),IF($C6="FWC",_xlfn.LET(_xlpm.codes,_xlfn._xlws.FILTER(Summary!D6:W6,Summary!D6:W6<>""),_xlpm.nums,TRANSPOSE(IFERROR(--Others!$F$3:$F$21,0)),IFERROR(_xlfn.TEXTJOIN(", ",TRUE,_xlfn._xlws.FILTER(_xlpm.codes,_xlpm.nums<1)),"")),IF($C6="CC",_xlfn.LET(_xlpm.codes,_xlfn._xlws.FILTER(Summary!D6:W6,Summary!D6:W6<>""),_xlpm.nums,TRANSPOSE(IFERROR(--Others!$J$3:$J$14,0)),IFERROR(_xlfn.TEXTJOIN(", ",TRUE,_xlfn._xlws.FILTER(_xlpm.codes,_xlpm.nums<1)),"")),IF($C6="","",_xlfn.LET(_xlpm.idx,COUNTIF($C$3:INDEX($C:$C,ROW()),"<>"),_xlpm.grpNo,ROUNDUP(_xlpm.idx/4,0),_xlpm.sh,CHOOSE(ROUNDUP(_xlpm.grpNo/2,0),"A-B","C-D","E-F","G-H","I-J","K-L"),_xlpm.startRow,IF(ISODD(_xlpm.grpNo),5,29),_xlpm.teamNo,MOD(_xlpm.idx-1,4)+1,_xlpm.counts,CHOOSE(_xlpm.teamNo,INDIRECT("'"&_xlpm.sh&"'!C"&_xlpm.startRow&":C"&(_xlpm.startRow+19)),INDIRECT("'"&_xlpm.sh&"'!F"&_xlpm.startRow&":F"&(_xlpm.startRow+19)),INDIRECT("'"&_xlpm.sh&"'!I"&_xlpm.startRow&":I"&(_xlpm.startRow+19)),INDIRECT("'"&_xlpm.sh&"'!L"&_xlpm.startRow&":L"&(_xlpm.startRow+19))),_xlpm.nums,TRANSPOSE(IFERROR(--_xlpm.counts,0)),_xlpm.codes,Summary!D6:W6,IFERROR(_xlfn.TEXTJOIN(", ",TRUE,_xlfn._xlws.FILTER(_xlpm.codes,_xlpm.nums<1)),""))))))} -> CZE 1, CZE 2, CZE 3, CZE 4, CZE 5, CZE 6, CZE 7, CZE 8, CZE 9, CZE 10, CZE 11, CZE 12, CZE 13, CZE 14, CZE 15, CZE 16, CZE 17, CZE 18, CZE 19, CZE 20
D7: {=IF($C7="","",_xlfn.LET(_xlpm.grp,$A7,_xlpm.sh,CHOOSE(ROUNDUP((CODE(_xlpm.grp)-64)/2,0),"A-B","C-D","E-F","G-H","I-J","K-L"),_xlpm.startRow,IF(ISODD(CODE(_xlpm.grp)-64),5,29),_xlpm.teamNo,COUNTIF($A$3:$A7,_xlpm.grp),_xlpm.counts,CHOOSE(_xlpm.teamNo,INDIRECT("'"&_xlpm.sh&"'!C"&_xlpm.startRow&":C"&(_xlpm.startRow+19)),INDIRECT("'"&_xlpm.sh&"'!F"&_xlpm.startRow&":F"&(_xlpm.startRow+19)),INDIRECT("'"&_xlpm.sh&"'!I"&_xlpm.startRow&":I"&(_xlpm.startRow+19)),INDIRECT("'"&_xlpm.sh&"'!L"&_xlpm.startRow&":L"&(_xlpm.startRow+19))),_xlfn._xlws.FILTER(Summary!D7:W7,TRANSPOSE(IFERROR(--_xlpm.counts,0))<1,"")))}
A8: B | B8: Canada | C8: CAN | D8: {=IF($B8="Other",_xlfn.LET(_xlpm.num,IFERROR(--Others!$B$3,0),IF(_xlpm.num<1,Summary!D8,"")),IF($C8="FWC",_xlfn.LET(_xlpm.codes,_xlfn._xlws.FILTER(Summary!D8:W8,Summary!D8:W8<>""),_xlpm.nums,TRANSPOSE(IFERROR(--Others!$F$3:$F$21,0)),IFERROR(_xlfn.TEXTJOIN(", ",TRUE,_xlfn._xlws.FILTER(_xlpm.codes,_xlpm.nums<1)),"")),IF($C8="CC",_xlfn.LET(_xlpm.codes,_xlfn._xlws.FILTER(Summary!D8:W8,Summary!D8:W8<>""),_xlpm.nums,TRANSPOSE(IFERROR(--Others!$J$3:$J$14,0)),IFERROR(_xlfn.TEXTJOIN(", ",TRUE,_xlfn._xlws.FILTER(_xlpm.codes,_xlpm.nums<1)),"")),IF($C8="","",_xlfn.LET(_xlpm.idx,COUNTIF($C$3:INDEX($C:$C,ROW()),"<>"),_xlpm.grpNo,ROUNDUP(_xlpm.idx/4,0),_xlpm.sh,CHOOSE(ROUNDUP(_xlpm.grpNo/2,0),"A-B","C-D","E-F","G-H","I-J","K-L"),_xlpm.startRow,IF(ISODD(_xlpm.grpNo),5,29),_xlpm.teamNo,MOD(_xlpm.idx-1,4)+1,_xlpm.counts,CHOOSE(_xlpm.teamNo,INDIRECT("'"&_xlpm.sh&"'!C"&_xlpm.startRow&":C"&(_xlpm.startRow+19)),INDIRECT("'"&_xlpm.sh&"'!F"&_xlpm.startRow&":F"&(_xlpm.startRow+19)),INDIRECT("'"&_xlpm.sh&"'!I"&_xlpm.startRow&":I"&(_xlpm.startRow+19)),INDIRECT("'"&_xlpm.sh&"'!L"&_xlpm.startRow&":L"&(_xlpm.startRow+19))),_xlpm.nums,TRANSPOSE(IFERROR(--_xlpm.counts,0)),_xlpm.codes,Summary!D8:W8,IFERROR(_xlfn.TEXTJOIN(", ",TRUE,_xlfn._xlws.FILTER(_xlpm.codes,_xlpm.nums<1)),""))))))} -> CAN 1, CAN 2, CAN 3, CAN 4, CAN 5, CAN 6, CAN 7, CAN 8, CAN 9, CAN 10, CAN 11, CAN 12, CAN 13, CAN 14, CAN 15, CAN 16, CAN 17, CAN 18, CAN 19, CAN 20
A9: B | B9: Bosnia-Herzegovina | C9: BIH | D9: {=IF($B9="Other",_xlfn.LET(_xlpm.num,IFERROR(--Others!$B$3,0),IF(_xlpm.num<1,Summary!D9,"")),IF($C9="FWC",_xlfn.LET(_xlpm.codes,_xlfn._xlws.FILTER(Summary!D9:W9,Summary!D9:W9<>""),_xlpm.nums,TRANSPOSE(IFERROR(--Others!$F$3:$F$21,0)),IFERROR(_xlfn.TEXTJOIN(", ",TRUE,_xlfn._xlws.FILTER(_xlpm.codes,_xlpm.nums<1)),"")),IF($C9="CC",_xlfn.LET(_xlpm.codes,_xlfn._xlws.FILTER(Summary!D9:W9,Summary!D9:W9<>""),_xlpm.nums,TRANSPOSE(IFERROR(--Others!$J$3:$J$14,0)),IFERROR(_xlfn.TEXTJOIN(", ",TRUE,_xlfn._xlws.FILTER(_xlpm.codes,_xlpm.nums<1)),"")),IF($C9="","",_xlfn.LET(_xlpm.idx,COUNTIF($C$3:INDEX($C:$C,ROW()),"<>"),_xlpm.grpNo,ROUNDUP(_xlpm.idx/4,0),_xlpm.sh,CHOOSE(ROUNDUP(_xlpm.grpNo/2,0),"A-B","C-D","E-F","G-H","I-J","K-L"),_xlpm.startRow,IF(ISODD(_xlpm.grpNo),5,29),_xlpm.teamNo,MOD(_xlpm.idx-1,4)+1,_xlpm.counts,CHOOSE(_xlpm.teamNo,INDIRECT("'"&_xlpm.sh&"'!C"&_xlpm.startRow&":C"&(_xlpm.startRow+19)),INDIRECT("'"&_xlpm.sh&"'!F"&_xlpm.startRow&":F"&(_xlpm.startRow+19)),INDIRECT("'"&_xlpm.sh&"'!I"&_xlpm.startRow&":I"&(_xlpm.startRow+19)),INDIRECT("'"&_xlpm.sh&"'!L"&_xlpm.startRow&":L"&(_xlpm.startRow+19))),_xlpm.nums,TRANSPOSE(IFERROR(--_xlpm.counts,0)),_xlpm.codes,Summary!D9:W9,IFERROR(_xlfn.TEXTJOIN(", ",TRUE,_xlfn._xlws.FILTER(_xlpm.codes,_xlpm.nums<1)),""))))))} -> BIH 1, BIH 2, BIH 3, BIH 4, BIH 5, BIH 6, BIH 7, BIH 8, BIH 9, BIH 10, BIH 11, BIH 12, BIH 13, BIH 14, BIH 15, BIH 16, BIH 17, BIH 18, BIH 19, BIH 20
A10: B | B10: Qatar | C10: QAT | D10: {=IF($B10="Other",_xlfn.LET(_xlpm.num,IFERROR(--Others!$B$3,0),IF(_xlpm.num<1,Summary!D10,"")),IF($C10="FWC",_xlfn.LET(_xlpm.codes,_xlfn._xlws.FILTER(Summary!D10:W10,Summary!D10:W10<>""),_xlpm.nums,TRANSPOSE(IFERROR(--Others!$F$3:$F$21,0)),IFERROR(_xlfn.TEXTJOIN(", ",TRUE,_xlfn._xlws.FILTER(_xlpm.codes,_xlpm.nums<1)),"")),IF($C10="CC",_xlfn.LET(_xlpm.codes,_xlfn._xlws.FILTER(Summary!D10:W10,Summary!D10:W10<>""),_xlpm.nums,TRANSPOSE(IFERROR(--Others!$J$3:$J$14,0)),IFERROR(_xlfn.TEXTJOIN(", ",TRUE,_xlfn._xlws.FILTER(_xlpm.codes,_xlpm.nums<1)),"")),IF($C10="","",_xlfn.LET(_xlpm.idx,COUNTIF($C$3:INDEX($C:$C,ROW()),"<>"),_xlpm.grpNo,ROUNDUP(_xlpm.idx/4,0),_xlpm.sh,CHOOSE(ROUNDUP(_xlpm.grpNo/2,0),"A-B","C-D","E-F","G-H","I-J","K-L"),_xlpm.startRow,IF(ISODD(_xlpm.grpNo),5,29),_xlpm.teamNo,MOD(_xlpm.idx-1,4)+1,_xlpm.counts,CHOOSE(_xlpm.teamNo,INDIRECT("'"&_xlpm.sh&"'!C"&_xlpm.startRow&":C"&(_xlpm.startRow+19)),INDIRECT("'"&_xlpm.sh&"'!F"&_xlpm.startRow&":F"&(_xlpm.startRow+19)),INDIRECT("'"&_xlpm.sh&"'!I"&_xlpm.startRow&":I"&(_xlpm.startRow+19)),INDIRECT("'"&_xlpm.sh&"'!L"&_xlpm.startRow&":L"&(_xlpm.startRow+19))),_xlpm.nums,TRANSPOSE(IFERROR(--_xlpm.counts,0)),_xlpm.codes,Summary!D10:W10,IFERROR(_xlfn.TEXTJOIN(", ",TRUE,_xlfn._xlws.FILTER(_xlpm.codes,_xlpm.nums<1)),""))))))} -> QAT 1, QAT 2, QAT 3, QAT 4, QAT 6, QAT 7, QAT 8, QAT 9, QAT 10, QAT 11, QAT 12, QAT 13, QAT 14, QAT 15, QAT 16, QAT 17, QAT 18, QAT 19, QAT 20
A11: B | B11: Switzerland | C11: SUI | D11: {=IF($B11="Other",_xlfn.LET(_xlpm.num,IFERROR(--Others!$B$3,0),IF(_xlpm.num<1,Summary!D11,"")),IF($C11="FWC",_xlfn.LET(_xlpm.codes,_xlfn._xlws.FILTER(Summary!D11:W11,Summary!D11:W11<>""),_xlpm.nums,TRANSPOSE(IFERROR(--Others!$F$3:$F$21,0)),IFERROR(_xlfn.TEXTJOIN(", ",TRUE,_xlfn._xlws.FILTER(_xlpm.codes,_xlpm.nums<1)),"")),IF($C11="CC",_xlfn.LET(_xlpm.codes,_xlfn._xlws.FILTER(Summary!D11:W11,Summary!D11:W11<>""),_xlpm.nums,TRANSPOSE(IFERROR(--Others!$J$3:$J$14,0)),IFERROR(_xlfn.TEXTJOIN(", ",TRUE,_xlfn._xlws.FILTER(_xlpm.codes,_xlpm.nums<1)),"")),IF($C11="","",_xlfn.LET(_xlpm.idx,COUNTIF($C$3:INDEX($C:$C,ROW()),"<>"),_xlpm.grpNo,ROUNDUP(_xlpm.idx/4,0),_xlpm.sh,CHOOSE(ROUNDUP(_xlpm.grpNo/2,0),"A-B","C-D","E-F","G-H","I-J","K-L"),_xlpm.startRow,IF(ISODD(_xlpm.grpNo),5,29),_xlpm.teamNo,MOD(_xlpm.idx-1,4)+1,_xlpm.counts,CHOOSE(_xlpm.teamNo,INDIRECT("'"&_xlpm.sh&"'!C"&_xlpm.startRow&":C"&(_xlpm.startRow+19)),INDIRECT("'"&_xlpm.sh&"'!F"&_xlpm.startRow&":F"&(_xlpm.startRow+19)),INDIRECT("'"&_xlpm.sh&"'!I"&_xlpm.startRow&":I"&(_xlpm.startRow+19)),INDIRECT("'"&_xlpm.sh&"'!L"&_xlpm.startRow&":L"&(_xlpm.startRow+19))),_xlpm.nums,TRANSPOSE(IFERROR(--_xlpm.counts,0)),_xlpm.codes,Summary!D11:W11,IFERROR(_xlfn.TEXTJOIN(", ",TRUE,_xlfn._xlws.FILTER(_xlpm.codes,_xlpm.nums<1)),""))))))} -> SUI 1, SUI 2, SUI 3, SUI 4, SUI 5, SUI 6, SUI 7, SUI 8, SUI 9, SUI 10, SUI 11, SUI 12, SUI 13, SUI 14, SUI 15, SUI 16, SUI 17, SUI 18, SUI 19, SUI 20
D12: {=IF($C12="","",_xlfn.LET(_xlpm.grp,$A12,_xlpm.sh,CHOOSE(ROUNDUP((CODE(_xlpm.grp)-64)/2,0),"A-B","C-D","E-F","G-H","I-J","K-L"),_xlpm.startRow,IF(ISODD(CODE(_xlpm.grp)-64),5,29),_xlpm.teamNo,COUNTIF($A$3:$A12,_xlpm.grp),_xlpm.counts,CHOOSE(_xlpm.teamNo,INDIRECT("'"&_xlpm.sh&"'!C"&_xlpm.startRow&":C"&(_xlpm.startRow+19)),INDIRECT("'"&_xlpm.sh&"'!F"&_xlpm.startRow&":F"&(_xlpm.startRow+19)),INDIRECT("'"&_xlpm.sh&"'!I"&_xlpm.startRow&":I"&(_xlpm.startRow+19)),INDIRECT("'"&_xlpm.sh&"'!L"&_xlpm.startRow&":L"&(_xlpm.startRow+19))),_xlfn._xlws.FILTER(Summary!D12:W12,TRANSPOSE(IFERROR(--_xlpm.counts,0))<1,"")))}
A13: C | B13: Brazil | C13: BRA | D13: {=IF($B13="Other",_xlfn.LET(_xlpm.num,IFERROR(--Others!$B$3,0),IF(_xlpm.num<1,Summary!D13,"")),IF($C13="FWC",_xlfn.LET(_xlpm.codes,_xlfn._xlws.FILTER(Summary!D13:W13,Summary!D13:W13<>""),_xlpm.nums,TRANSPOSE(IFERROR(--Others!$F$3:$F$21,0)),IFERROR(_xlfn.TEXTJOIN(", ",TRUE,_xlfn._xlws.FILTER(_xlpm.codes,_xlpm.nums<1)),"")),IF($C13="CC",_xlfn.LET(_xlpm.codes,_xlfn._xlws.FILTER(Summary!D13:W13,Summary!D13:W13<>""),_xlpm.nums,TRANSPOSE(IFERROR(--Others!$J$3:$J$14,0)),IFERROR(_xlfn.TEXTJOIN(", ",TRUE,_xlfn._xlws.FILTER(_xlpm.codes,_xlpm.nums<1)),"")),IF($C13="","",_xlfn.LET(_xlpm.idx,COUNTIF($C$3:INDEX($C:$C,ROW()),"<>"),_xlpm.grpNo,ROUNDUP(_xlpm.idx/4,0),_xlpm.sh,CHOOSE(ROUNDUP(_xlpm.grpNo/2,0),"A-B","C-D","E-F","G-H","I-J","K-L"),_xlpm.startRow,IF(ISODD(_xlpm.grpNo),5,29),_xlpm.teamNo,MOD(_xlpm.idx-1,4)+1,_xlpm.counts,CHOOSE(_xlpm.teamNo,INDIRECT("'"&_xlpm.sh&"'!C"&_xlpm.startRow&":C"&(_xlpm.startRow+19)),INDIRECT("'"&_xlpm.sh&"'!F"&_xlpm.startRow&":F"&(_xlpm.startRow+19)),INDIRECT("'"&_xlpm.sh&"'!I"&_xlpm.startRow&":I"&(_xlpm.startRow+19)),INDIRECT("'"&_xlpm.sh&"'!L"&_xlpm.startRow&":L"&(_xlpm.startRow+19))),_xlpm.nums,TRANSPOSE(IFERROR(--_xlpm.counts,0)),_xlpm.codes,Summary!D13:W13,IFERROR(_xlfn.TEXTJOIN(", ",TRUE,_xlfn._xlws.FILTER(_xlpm.codes,_xlpm.nums<1)),""))))))} -> BRA 1, BRA 2, BRA 3, BRA 4, BRA 5, BRA 6, BRA 7, BRA 8, BRA 9, BRA 10, BRA 11, BRA 12, BRA 13, BRA 14, BRA 15, BRA 16, BRA 17, BRA 18, BRA 19, BRA 20
A14: C | B14: Morocco | C14: MAR | D14: {=IF($B14="Other",_xlfn.LET(_xlpm.num,IFERROR(--Others!$B$3,0),IF(_xlpm.num<1,Summary!D14,"")),IF($C14="FWC",_xlfn.LET(_xlpm.codes,_xlfn._xlws.FILTER(Summary!D14:W14,Summary!D14:W14<>""),_xlpm.nums,TRANSPOSE(IFERROR(--Others!$F$3:$F$21,0)),IFERROR(_xlfn.TEXTJOIN(", ",TRUE,_xlfn._xlws.FILTER(_xlpm.codes,_xlpm.nums<1)),"")),IF($C14="CC",_xlfn.LET(_xlpm.codes,_xlfn._xlws.FILTER(Summary!D14:W14,Summary!D14:W14<>""),_xlpm.nums,TRANSPOSE(IFERROR(--Others!$J$3:$J$14,0)),IFERROR(_xlfn.TEXTJOIN(", ",TRUE,_xlfn._xlws.FILTER(_xlpm.codes,_xlpm.nums<1)),"")),IF($C14="","",_xlfn.LET(_xlpm.idx,COUNTIF($C$3:INDEX($C:$C,ROW()),"<>"),_xlpm.grpNo,ROUNDUP(_xlpm.idx/4,0),_xlpm.sh,CHOOSE(ROUNDUP(_xlpm.grpNo/2,0),"A-B","C-D","E-F","G-H","I-J","K-L"),_xlpm.startRow,IF(ISODD(_xlpm.grpNo),5,29),_xlpm.teamNo,MOD(_xlpm.idx-1,4)+1,_xlpm.counts,CHOOSE(_xlpm.teamNo,INDIRECT("'"&_xlpm.sh&"'!C"&_xlpm.startRow&":C"&(_xlpm.startRow+19)),INDIRECT("'"&_xlpm.sh&"'!F"&_xlpm.startRow&":F"&(_xlpm.startRow+19)),INDIRECT("'"&_xlpm.sh&"'!I"&_xlpm.startRow&":I"&(_xlpm.startRow+19)),INDIRECT("'"&_xlpm.sh&"'!L"&_xlpm.startRow&":L"&(_xlpm.startRow+19))),_xlpm.nums,TRANSPOSE(IFERROR(--_xlpm.counts,0)),_xlpm.codes,Summary!D14:W14,IFERROR(_xlfn.TEXTJOIN(", ",TRUE,_xlfn._xlws.FILTER(_xlpm.codes,_xlpm.nums<1)),""))))))} -> MAR 1, MAR 2, MAR 3, MAR 4, MAR 5, MAR 6, MAR 7, MAR 8, MAR 9, MAR 10, MAR 11, MAR 12, MAR 13, MAR 14, MAR 15, MAR 16, MAR 17, MAR 18, MAR 19, MAR 20
A15: C | B15: Haiti | C15: HAI | D15: {=IF($B15="Other",_xlfn.LET(_xlpm.num,IFERROR(--Others!$B$3,0),IF(_xlpm.num<1,Summary!D15,"")),IF($C15="FWC",_xlfn.LET(_xlpm.codes,_xlfn._xlws.FILTER(Summary!D15:W15,Summary!D15:W15<>""),_xlpm.nums,TRANSPOSE(IFERROR(--Others!$F$3:$F$21,0)),IFERROR(_xlfn.TEXTJOIN(", ",TRUE,_xlfn._xlws.FILTER(_xlpm.codes,_xlpm.nums<1)),"")),IF($C15="CC",_xlfn.LET(_xlpm.codes,_xlfn._xlws.FILTER(Summary!D15:W15,Summary!D15:W15<>""),_xlpm.nums,TRANSPOSE(IFERROR(--Others!$J$3:$J$14,0)),IFERROR(_xlfn.TEXTJOIN(", ",TRUE,_xlfn._xlws.FILTER(_xlpm.codes,_xlpm.nums<1)),"")),IF($C15="","",_xlfn.LET(_xlpm.idx,COUNTIF($C$3:INDEX($C:$C,ROW()),"<>"),_xlpm.grpNo,ROUNDUP(_xlpm.idx/4,0),_xlpm.sh,CHOOSE(ROUNDUP(_xlpm.grpNo/2,0),"A-B","C-D","E-F","G-H","I-J","K-L"),_xlpm.startRow,IF(ISODD(_xlpm.grpNo),5,29),_xlpm.teamNo,MOD(_xlpm.idx-1,4)+1,_xlpm.counts,CHOOSE(_xlpm.teamNo,INDIRECT("'"&_xlpm.sh&"'!C"&_xlpm.startRow&":C"&(_xlpm.startRow+19)),INDIRECT("'"&_xlpm.sh&"'!F"&_xlpm.startRow&":F"&(_xlpm.startRow+19)),INDIRECT("'"&_xlpm.sh&"'!I"&_xlpm.startRow&":I"&(_xlpm.startRow+19)),INDIRECT("'"&_xlpm.sh&"'!L"&_xlpm.startRow&":L"&(_xlpm.startRow+19))),_xlpm.nums,TRANSPOSE(IFERROR(--_xlpm.counts,0)),_xlpm.codes,Summary!D15:W15,IFERROR(_xlfn.TEXTJOIN(", ",TRUE,_xlfn._xlws.FILTER(_xlpm.codes,_xlpm.nums<1)),""))))))} -> HAI 1, HAI 2, HAI 3, HAI 4, HAI 5, HAI 6, HAI 7, HAI 8, HAI 9, HAI 10, HAI 11, HAI 12, HAI 13, HAI 14, HAI 15, HAI 16, HAI 17, HAI 18, HAI 19, HAI 20
A16: C | B16: Scotland | C16: SCO | D16: {=IF($B16="Other",_xlfn.LET(_xlpm.num,IFERROR(--Others!$B$3,0),IF(_xlpm.num<1,Summary!D16,"")),IF($C16="FWC",_xlfn.LET(_xlpm.codes,_xlfn._xlws.FILTER(Summary!D16:W16,Summary!D16:W16<>""),_xlpm.nums,TRANSPOSE(IFERROR(--Others!$F$3:$F$21,0)),IFERROR(_xlfn.TEXTJOIN(", ",TRUE,_xlfn._xlws.FILTER(_xlpm.codes,_xlpm.nums<1)),"")),IF($C16="CC",_xlfn.LET(_xlpm.codes,_xlfn._xlws.FILTER(Summary!D16:W16,Summary!D16:W16<>""),_xlpm.nums,TRANSPOSE(IFERROR(--Others!$J$3:$J$14,0)),IFERROR(_xlfn.TEXTJOIN(", ",TRUE,_xlfn._xlws.FILTER(_xlpm.codes,_xlpm.nums<1)),"")),IF($C16="","",_xlfn.LET(_xlpm.idx,COUNTIF($C$3:INDEX($C:$C,ROW()),"<>"),_xlpm.grpNo,ROUNDUP(_xlpm.idx/4,0),_xlpm.sh,CHOOSE(ROUNDUP(_xlpm.grpNo/2,0),"A-B","C-D","E-F","G-H","I-J","K-L"),_xlpm.startRow,IF(ISODD(_xlpm.grpNo),5,29),_xlpm.teamNo,MOD(_xlpm.idx-1,4)+1,_xlpm.counts,CHOOSE(_xlpm.teamNo,INDIRECT("'"&_xlpm.sh&"'!C"&_xlpm.startRow&":C"&(_xlpm.startRow+19)),INDIRECT("'"&_xlpm.sh&"'!F"&_xlpm.startRow&":F"&(_xlpm.startRow+19)),INDIRECT("'"&_xlpm.sh&"'!I"&_xlpm.startRow&":I"&(_xlpm.startRow+19)),INDIRECT("'"&_xlpm.sh&"'!L"&_xlpm.startRow&":L"&(_xlpm.startRow+19))),_xlpm.nums,TRANSPOSE(IFERROR(--_xlpm.counts,0)),_xlpm.codes,Summary!D16:W16,IFERROR(_xlfn.TEXTJOIN(", ",TRUE,_xlfn._xlws.FILTER(_xlpm.codes,_xlpm.nums<1)),""))))))} -> SCO 1, SCO 2, SCO 3, SCO 4, SCO 5, SCO 6, SCO 7, SCO 8, SCO 9, SCO 10, SCO 11, SCO 12, SCO 13, SCO 14, SCO 15, SCO 16, SCO 17, SCO 18, SCO 19, SCO 20
D17: {=IF($C17="","",_xlfn.LET(_xlpm.grp,$A17,_xlpm.sh,CHOOSE(ROUNDUP((CODE(_xlpm.grp)-64)/2,0),"A-B","C-D","E-F","G-H","I-J","K-L"),_xlpm.startRow,IF(ISODD(CODE(_xlpm.grp)-64),5,29),_xlpm.teamNo,COUNTIF($A$3:$A17,_xlpm.grp),_xlpm.counts,CHOOSE(_xlpm.teamNo,INDIRECT("'"&_xlpm.sh&"'!C"&_xlpm.startRow&":C"&(_xlpm.startRow+19)),INDIRECT("'"&_xlpm.sh&"'!F"&_xlpm.startRow&":F"&(_xlpm.startRow+19)),INDIRECT("'"&_xlpm.sh&"'!I"&_xlpm.startRow&":I"&(_xlpm.startRow+19)),INDIRECT("'"&_xlpm.sh&"'!L"&_xlpm.startRow&":L"&(_xlpm.startRow+19))),_xlfn._xlws.FILTER(Summary!D17:W17,TRANSPOSE(IFERROR(--_xlpm.counts,0))<1,"")))}
A18: D | B18: USA | C18: USA | D18: {=IF($B18="Other",_xlfn.LET(_xlpm.num,IFERROR(--Others!$B$3,0),IF(_xlpm.num<1,Summary!D18,"")),IF($C18="FWC",_xlfn.LET(_xlpm.codes,_xlfn._xlws.FILTER(Summary!D18:W18,Summary!D18:W18<>""),_xlpm.nums,TRANSPOSE(IFERROR(--Others!$F$3:$F$21,0)),IFERROR(_xlfn.TEXTJOIN(", ",TRUE,_xlfn._xlws.FILTER(_xlpm.codes,_xlpm.nums<1)),"")),IF($C18="CC",_xlfn.LET(_xlpm.codes,_xlfn._xlws.FILTER(Summary!D18:W18,Summary!D18:W18<>""),_xlpm.nums,TRANSPOSE(IFERROR(--Others!$J$3:$J$14,0)),IFERROR(_xlfn.TEXTJOIN(", ",TRUE,_xlfn._xlws.FILTER(_xlpm.codes,_xlpm.nums<1)),"")),IF($C18="","",_xlfn.LET(_xlpm.idx,COUNTIF($C$3:INDEX($C:$C,ROW()),"<>"),_xlpm.grpNo,ROUNDUP(_xlpm.idx/4,0),_xlpm.sh,CHOOSE(ROUNDUP(_xlpm.grpNo/2,0),"A-B","C-D","E-F","G-H","I-J","K-L"),_xlpm.startRow,IF(ISODD(_xlpm.grpNo),5,29),_xlpm.teamNo,MOD(_xlpm.idx-1,4)+1,_xlpm.counts,CHOOSE(_xlpm.teamNo,INDIRECT("'"&_xlpm.sh&"'!C"&_xlpm.startRow&":C"&(_xlpm.startRow+19)),INDIRECT("'"&_xlpm.sh&"'!F"&_xlpm.startRow&":F"&(_xlpm.startRow+19)),INDIRECT("'"&_xlpm.sh&"'!I"&_xlpm.startRow&":I"&(_xlpm.startRow+19)),INDIRECT("'"&_xlpm.sh&"'!L"&_xlpm.startRow&":L"&(_xlpm.startRow+19))),_xlpm.nums,TRANSPOSE(IFERROR(--_xlpm.counts,0)),_xlpm.codes,Summary!D18:W18,IFERROR(_xlfn.TEXTJOIN(", ",TRUE,_xlfn._xlws.FILTER(_xlpm.codes,_xlpm.nums<1)),""))))))} -> USA 1, USA 2, USA 3, USA 4, USA 5, USA 6, USA 7, USA 8, USA 9, USA 10, USA 11, USA 12, USA 13, USA 14, USA 15, USA 16, USA 17, USA 18, USA 19, USA 20
B19: Paraguay | C19: PAR | D19: {=IF($B19="Other",_xlfn.LET(_xlpm.num,IFERROR(--Others!$B$3,0),IF(_xlpm.num<1,Summary!D19,"")),IF($C19="FWC",_xlfn.LET(_xlpm.codes,_xlfn._xlws.FILTER(Summary!D19:W19,Summary!D19:W19<>""),_xlpm.nums,TRANSPOSE(IFERROR(--Others!$F$3:$F$21,0)),IFERROR(_xlfn.TEXTJOIN(", ",TRUE,_xlfn._xlws.FILTER(_xlpm.codes,_xlpm.nums<1)),"")),IF($C19="CC",_xlfn.LET(_xlpm.codes,_xlfn._xlws.FILTER(Summary!D19:W19,Summary!D19:W19<>""),_xlpm.nums,TRANSPOSE(IFERROR(--Others!$J$3:$J$14,0)),IFERROR(_xlfn.TEXTJOIN(", ",TRUE,_xlfn._xlws.FILTER(_xlpm.codes,_xlpm.nums<1)),"")),IF($C19="","",_xlfn.LET(_xlpm.idx,COUNTIF($C$3:INDEX($C:$C,ROW()),"<>"),_xlpm.grpNo,ROUNDUP(_xlpm.idx/4,0),_xlpm.sh,CHOOSE(ROUNDUP(_xlpm.grpNo/2,0),"A-B","C-D","E-F","G-H","I-J","K-L"),_xlpm.startRow,IF(ISODD(_xlpm.grpNo),5,29),_xlpm.teamNo,MOD(_xlpm.idx-1,4)+1,_xlpm.counts,CHOOSE(_xlpm.teamNo,INDIRECT("'"&_xlpm.sh&"'!C"&_xlpm.startRow&":C"&(_xlpm.startRow+19)),INDIRECT("'"&_xlpm.sh&"'!F"&_xlpm.startRow&":F"&(_xlpm.startRow+19)),INDIRECT("'"&_xlpm.sh&"'!I"&_xlpm.startRow&":I"&(_xlpm.startRow+19)),INDIRECT("'"&_xlpm.sh&"'!L"&_xlpm.startRow&":L"&(_xlpm.startRow+19))),_xlpm.nums,TRANSPOSE(IFERROR(--_xlpm.counts,0)),_xlpm.codes,Summary!D19:W19,IFERROR(_xlfn.TEXTJOIN(", ",TRUE,_xlfn._xlws.FILTER(_xlpm.codes,_xlpm.nums<1)),""))))))} -> PAR 1, PAR 2, PAR 3, PAR 4, PAR 5, PAR 6, PAR 7, PAR 8, PAR 9, PAR 10, PAR 11, PAR 12, PAR 13, PAR 14, PAR 15, PAR 16, PAR 17, PAR 18, PAR 19, PAR 20
B20: Australia | C20: AUS | D20: {=IF($B20="Other",_xlfn.LET(_xlpm.num,IFERROR(--Others!$B$3,0),IF(_xlpm.num<1,Summary!D20,"")),IF($C20="FWC",_xlfn.LET(_xlpm.codes,_xlfn._xlws.FILTER(Summary!D20:W20,Summary!D20:W20<>""),_xlpm.nums,TRANSPOSE(IFERROR(--Others!$F$3:$F$21,0)),IFERROR(_xlfn.TEXTJOIN(", ",TRUE,_xlfn._xlws.FILTER(_xlpm.codes,_xlpm.nums<1)),"")),IF($C20="CC",_xlfn.LET(_xlpm.codes,_xlfn._xlws.FILTER(Summary!D20:W20,Summary!D20:W20<>""),_xlpm.nums,TRANSPOSE(IFERROR(--Others!$J$3:$J$14,0)),IFERROR(_xlfn.TEXTJOIN(", ",TRUE,_xlfn._xlws.FILTER(_xlpm.codes,_xlpm.nums<1)),"")),IF($C20="","",_xlfn.LET(_xlpm.idx,COUNTIF($C$3:INDEX($C:$C,ROW()),"<>"),_xlpm.grpNo,ROUNDUP(_xlpm.idx/4,0),_xlpm.sh,CHOOSE(ROUNDUP(_xlpm.grpNo/2,0),"A-B","C-D","E-F","G-H","I-J","K-L"),_xlpm.startRow,IF(ISODD(_xlpm.grpNo),5,29),_xlpm.teamNo,MOD(_xlpm.idx-1,4)+1,_xlpm.counts,CHOOSE(_xlpm.teamNo,INDIRECT("'"&_xlpm.sh&"'!C"&_xlpm.startRow&":C"&(_xlpm.startRow+19)),INDIRECT("'"&_xlpm.sh&"'!F"&_xlpm.startRow&":F"&(_xlpm.startRow+19)),INDIRECT("'"&_xlpm.sh&"'!I"&_xlpm.startRow&":I"&(_xlpm.startRow+19)),INDIRECT("'"&_xlpm.sh&"'!L"&_xlpm.startRow&":L"&(_xlpm.startRow+19))),_xlpm.nums,TRANSPOSE(IFERROR(--_xlpm.counts,0)),_xlpm.codes,Summary!D20:W20,IFERROR(_xlfn.TEXTJOIN(", ",TRUE,_xlfn._xlws.FILTER(_xlpm.codes,_xlpm.nums<1)),""))))))} -> AUS 1, AUS 2, AUS 3, AUS 4, AUS 5, AUS 6, AUS 7, AUS 8, AUS 9, AUS 10, AUS 11, AUS 12, AUS 13, AUS 14, AUS 15, AUS 16, AUS 17, AUS 18, AUS 19, AUS 20
B21: Türkiye | C21: TUR | D21: {=IF($B21="Other",_xlfn.LET(_xlpm.num,IFERROR(--Others!$B$3,0),IF(_xlpm.num<1,Summary!D21,"")),IF($C21="FWC",_xlfn.LET(_xlpm.codes,_xlfn._xlws.FILTER(Summary!D21:W21,Summary!D21:W21<>""),_xlpm.nums,TRANSPOSE(IFERROR(--Others!$F$3:$F$21,0)),IFERROR(_xlfn.TEXTJOIN(", ",TRUE,_xlfn._xlws.FILTER(_xlpm.codes,_xlpm.nums<1)),"")),IF($C21="CC",_xlfn.LET(_xlpm.codes,_xlfn._xlws.FILTER(Summary!D21:W21,Summary!D21:W21<>""),_xlpm.nums,TRANSPOSE(IFERROR(--Others!$J$3:$J$14,0)),IFERROR(_xlfn.TEXTJOIN(", ",TRUE,_xlfn._xlws.FILTER(_xlpm.codes,_xlpm.nums<1)),"")),IF($C21="","",_xlfn.LET(_xlpm.idx,COUNTIF($C$3:INDEX($C:$C,ROW()),"<>"),_xlpm.grpNo,ROUNDUP(_xlpm.idx/4,0),_xlpm.sh,CHOOSE(ROUNDUP(_xlpm.grpNo/2,0),"A-B","C-D","E-F","G-H","I-J","K-L"),_xlpm.startRow,IF(ISODD(_xlpm.grpNo),5,29),_xlpm.teamNo,MOD(_xlpm.idx-1,4)+1,_xlpm.counts,CHOOSE(_xlpm.teamNo,INDIRECT("'"&_xlpm.sh&"'!C"&_xlpm.startRow&":C"&(_xlpm.startRow+19)),INDIRECT("'"&_xlpm.sh&"'!F"&_xlpm.startRow&":F"&(_xlpm.startRow+19)),INDIRECT("'"&_xlpm.sh&"'!I"&_xlpm.startRow&":I"&(_xlpm.startRow+19)),INDIRECT("'"&_xlpm.sh&"'!L"&_xlpm.startRow&":L"&(_xlpm.startRow+19))),_xlpm.nums,TRANSPOSE(IFERROR(--_xlpm.counts,0)),_xlpm.codes,Summary!D21:W21,IFERROR(_xlfn.TEXTJOIN(", ",TRUE,_xlfn._xlws.FILTER(_xlpm.codes,_xlpm.nums<1)),""))))))} -> TUR 1, TUR 2, TUR 3, TUR 4, TUR 5, TUR 6, TUR 7, TUR 8, TUR 9, TUR 10, TUR 11, TUR 12, TUR 13, TUR 14, TUR 15, TUR 16, TUR 17, TUR 18, TUR 19, TUR 20
D22: {=IF($C22="","",_xlfn.LET(_xlpm.grp,$A22,_xlpm.sh,CHOOSE(ROUNDUP((CODE(_xlpm.grp)-64)/2,0),"A-B","C-D","E-F","G-H","I-J","K-L"),_xlpm.startRow,IF(ISODD(CODE(_xlpm.grp)-64),5,29),_xlpm.teamNo,COUNTIF($A$3:$A22,_xlpm.grp),_xlpm.counts,CHOOSE(_xlpm.teamNo,INDIRECT("'"&_xlpm.sh&"'!C"&_xlpm.startRow&":C"&(_xlpm.startRow+19)),INDIRECT("'"&_xlpm.sh&"'!F"&_xlpm.startRow&":F"&(_xlpm.startRow+19)),INDIRECT("'"&_xlpm.sh&"'!I"&_xlpm.startRow&":I"&(_xlpm.startRow+19)),INDIRECT("'"&_xlpm.sh&"'!L"&_xlpm.startRow&":L"&(_xlpm.startRow+19))),_xlfn._xlws.FILTER(Summary!D22:W22,TRANSPOSE(IFERROR(--_xlpm.counts,0))<1,"")))}
A23: E | B23: Germany | C23: GER | D23: {=IF($B23="Other",_xlfn.LET(_xlpm.num,IFERROR(--Others!$B$3,0),IF(_xlpm.num<1,Summary!D23,"")),IF($C23="FWC",_xlfn.LET(_xlpm.codes,_xlfn._xlws.FILTER(Summary!D23:W23,Summary!D23:W23<>""),_xlpm.nums,TRANSPOSE(IFERROR(--Others!$F$3:$F$21,0)),IFERROR(_xlfn.TEXTJOIN(", ",TRUE,_xlfn._xlws.FILTER(_xlpm.codes,_xlpm.nums<1)),"")),IF($C23="CC",_xlfn.LET(_xlpm.codes,_xlfn._xlws.FILTER(Summary!D23:W23,Summary!D23:W23<>""),_xlpm.nums,TRANSPOSE(IFERROR(--Others!$J$3:$J$14,0)),IFERROR(_xlfn.TEXTJOIN(", ",TRUE,_xlfn._xlws.FILTER(_xlpm.codes,_xlpm.nums<1)),"")),IF($C23="","",_xlfn.LET(_xlpm.idx,COUNTIF($C$3:INDEX($C:$C,ROW()),"<>"),_xlpm.grpNo,ROUNDUP(_xlpm.idx/4,0),_xlpm.sh,CHOOSE(ROUNDUP(_xlpm.grpNo/2,0),"A-B","C-D","E-F","G-H","I-J","K-L"),_xlpm.startRow,IF(ISODD(_xlpm.grpNo),5,29),_xlpm.teamNo,MOD(_xlpm.idx-1,4)+1,_xlpm.counts,CHOOSE(_xlpm.teamNo,INDIRECT("'"&_xlpm.sh&"'!C"&_xlpm.startRow&":C"&(_xlpm.startRow+19)),INDIRECT("'"&_xlpm.sh&"'!F"&_xlpm.startRow&":F"&(_xlpm.startRow+19)),INDIRECT("'"&_xlpm.sh&"'!I"&_xlpm.startRow&":I"&(_xlpm.startRow+19)),INDIRECT("'"&_xlpm.sh&"'!L"&_xlpm.startRow&":L"&(_xlpm.startRow+19))),_xlpm.nums,TRANSPOSE(IFERROR(--_xlpm.counts,0)),_xlpm.codes,Summary!D23:W23,IFERROR(_xlfn.TEXTJOIN(", ",TRUE,_xlfn._xlws.FILTER(_xlpm.codes,_xlpm.nums<1)),""))))))} -> GER 1, GER 2, GER 3, GER 4, GER 5, GER 6, GER 7, GER 8, GER 9, GER 10, GER 11, GER 12, GER 13, GER 14, GER 15, GER 16, GER 17, GER 18, GER 19, GER 20
A24: E | B24: Curaçao | C24: CUW | D24: {=IF($B24="Other",_xlfn.LET(_xlpm.num,IFERROR(--Others!$B$3,0),IF(_xlpm.num<1,Summary!D24,"")),IF($C24="FWC",_xlfn.LET(_xlpm.codes,_xlfn._xlws.FILTER(Summary!D24:W24,Summary!D24:W24<>""),_xlpm.nums,TRANSPOSE(IFERROR(--Others!$F$3:$F$21,0)),IFERROR(_xlfn.TEXTJOIN(", ",TRUE,_xlfn._xlws.FILTER(_xlpm.codes,_xlpm.nums<1)),"")),IF($C24="CC",_xlfn.LET(_xlpm.codes,_xlfn._xlws.FILTER(Summary!D24:W24,Summary!D24:W24<>""),_xlpm.nums,TRANSPOSE(IFERROR(--Others!$J$3:$J$14,0)),IFERROR(_xlfn.TEXTJOIN(", ",TRUE,_xlfn._xlws.FILTER(_xlpm.codes,_xlpm.nums<1)),"")),IF($C24="","",_xlfn.LET(_xlpm.idx,COUNTIF($C$3:INDEX($C:$C,ROW()),"<>"),_xlpm.grpNo,ROUNDUP(_xlpm.idx/4,0),_xlpm.sh,CHOOSE(ROUNDUP(_xlpm.grpNo/2,0),"A-B","C-D","E-F","G-H","I-J","K-L"),_xlpm.startRow,IF(ISODD(_xlpm.grpNo),5,29),_xlpm.teamNo,MOD(_xlpm.idx-1,4)+1,_xlpm.counts,CHOOSE(_xlpm.teamNo,INDIRECT("'"&_xlpm.sh&"'!C"&_xlpm.startRow&":C"&(_xlpm.startRow+19)),INDIRECT("'"&_xlpm.sh&"'!F"&_xlpm.startRow&":F"&(_xlpm.startRow+19)),INDIRECT("'"&_xlpm.sh&"'!I"&_xlpm.startRow&":I"&(_xlpm.startRow+19)),INDIRECT("'"&_xlpm.sh&"'!L"&_xlpm.startRow&":L"&(_xlpm.startRow+19))),_xlpm.nums,TRANSPOSE(IFERROR(--_xlpm.counts,0)),_xlpm.codes,Summary!D24:W24,IFERROR(_xlfn.TEXTJOIN(", ",TRUE,_xlfn._xlws.FILTER(_xlpm.codes,_xlpm.nums<1)),""))))))} -> CUW 1, CUW 2, CUW 3, CUW 4, CUW 5, CUW 6, CUW 7, CUW 8, CUW 9, CUW 10, CUW 11, CUW 12, CUW 13, CUW 14, CUW 15, CUW 16, CUW 17, CUW 18, CUW 19, CUW 20
A25: E | B25: Côte d’Ivoire | C25: CIV | D25: {=IF($B25="Other",_xlfn.LET(_xlpm.num,IFERROR(--Others!$B$3,0),IF(_xlpm.num<1,Summary!D25,"")),IF($C25="FWC",_xlfn.LET(_xlpm.codes,_xlfn._xlws.FILTER(Summary!D25:W25,Summary!D25:W25<>""),_xlpm.nums,TRANSPOSE(IFERROR(--Others!$F$3:$F$21,0)),IFERROR(_xlfn.TEXTJOIN(", ",TRUE,_xlfn._xlws.FILTER(_xlpm.codes,_xlpm.nums<1)),"")),IF($C25="CC",_xlfn.LET(_xlpm.codes,_xlfn._xlws.FILTER(Summary!D25:W25,Summary!D25:W25<>""),_xlpm.nums,TRANSPOSE(IFERROR(--Others!$J$3:$J$14,0)),IFERROR(_xlfn.TEXTJOIN(", ",TRUE,_xlfn._xlws.FILTER(_xlpm.codes,_xlpm.nums<1)),"")),IF($C25="","",_xlfn.LET(_xlpm.idx,COUNTIF($C$3:INDEX($C:$C,ROW()),"<>"),_xlpm.grpNo,ROUNDUP(_xlpm.idx/4,0),_xlpm.sh,CHOOSE(ROUNDUP(_xlpm.grpNo/2,0),"A-B","C-D","E-F","G-H","I-J","K-L"),_xlpm.startRow,IF(ISODD(_xlpm.grpNo),5,29),_xlpm.teamNo,MOD(_xlpm.idx-1,4)+1,_xlpm.counts,CHOOSE(_xlpm.teamNo,INDIRECT("'"&_xlpm.sh&"'!C"&_xlpm.startRow&":C"&(_xlpm.startRow+19)),INDIRECT("'"&_xlpm.sh&"'!F"&_xlpm.startRow&":F"&(_xlpm.startRow+19)),INDIRECT("'"&_xlpm.sh&"'!I"&_xlpm.startRow&":I"&(_xlpm.startRow+19)),INDIRECT("'"&_xlpm.sh&"'!L"&_xlpm.startRow&":L"&(_xlpm.startRow+19))),_xlpm.nums,TRANSPOSE(IFERROR(--_xlpm.counts,0)),_xlpm.codes,Summary!D25:W25,IFERROR(_xlfn.TEXTJOIN(", ",TRUE,_xlfn._xlws.FILTER(_xlpm.codes,_xlpm.nums<1)),""))))))} -> CIV 1, CIV 2, CIV 3, CIV 4, CIV 5, CIV 6, CIV 7, CIV 8, CIV 9, CIV 10, CIV 11, CIV 12, CIV 13, CIV 14, CIV 15, CIV 16, CIV 17, CIV 18, CIV 19, CIV 20
A26: E | B26: Ecuador | C26: ECU | D26: {=IF($B26="Other",_xlfn.LET(_xlpm.num,IFERROR(--Others!$B$3,0),IF(_xlpm.num<1,Summary!D26,"")),IF($C26="FWC",_xlfn.LET(_xlpm.codes,_xlfn._xlws.FILTER(Summary!D26:W26,Summary!D26:W26<>""),_xlpm.nums,TRANSPOSE(IFERROR(--Others!$F$3:$F$21,0)),IFERROR(_xlfn.TEXTJOIN(", ",TRUE,_xlfn._xlws.FILTER(_xlpm.codes,_xlpm.nums<1)),"")),IF($C26="CC",_xlfn.LET(_xlpm.codes,_xlfn._xlws.FILTER(Summary!D26:W26,Summary!D26:W26<>""),_xlpm.nums,TRANSPOSE(IFERROR(--Others!$J$3:$J$14,0)),IFERROR(_xlfn.TEXTJOIN(", ",TRUE,_xlfn._xlws.FILTER(_xlpm.codes,_xlpm.nums<1)),"")),IF($C26="","",_xlfn.LET(_xlpm.idx,COUNTIF($C$3:INDEX($C:$C,ROW()),"<>"),_xlpm.grpNo,ROUNDUP(_xlpm.idx/4,0),_xlpm.sh,CHOOSE(ROUNDUP(_xlpm.grpNo/2,0),"A-B","C-D","E-F","G-H","I-J","K-L"),_xlpm.startRow,IF(ISODD(_xlpm.grpNo),5,29),_xlpm.teamNo,MOD(_xlpm.idx-1,4)+1,_xlpm.counts,CHOOSE(_xlpm.teamNo,INDIRECT("'"&_xlpm.sh&"'!C"&_xlpm.startRow&":C"&(_xlpm.startRow+19)),INDIRECT("'"&_xlpm.sh&"'!F"&_xlpm.startRow&":F"&(_xlpm.startRow+19)),INDIRECT("'"&_xlpm.sh&"'!I"&_xlpm.startRow&":I"&(_xlpm.startRow+19)),INDIRECT("'"&_xlpm.sh&"'!L"&_xlpm.startRow&":L"&(_xlpm.startRow+19))),_xlpm.nums,TRANSPOSE(IFERROR(--_xlpm.counts,0)),_xlpm.codes,Summary!D26:W26,IFERROR(_xlfn.TEXTJOIN(", ",TRUE,_xlfn._xlws.FILTER(_xlpm.codes,_xlpm.nums<1)),""))))))} -> ECU 1, ECU 2, ECU 3, ECU 4, ECU 5, ECU 6, ECU 7, ECU 8, ECU 9, ECU 10, ECU 11, ECU 12, ECU 13, ECU 14, ECU 15, ECU 16, ECU 17, ECU 18, ECU 19, ECU 20
D27: {=IF($C27="","",_xlfn.LET(_xlpm.grp,$A27,_xlpm.sh,CHOOSE(ROUNDUP((CODE(_xlpm.grp)-64)/2,0),"A-B","C-D","E-F","G-H","I-J","K-L"),_xlpm.startRow,IF(ISODD(CODE(_xlpm.grp)-64),5,29),_xlpm.teamNo,COUNTIF($A$3:$A27,_xlpm.grp),_xlpm.counts,CHOOSE(_xlpm.teamNo,INDIRECT("'"&_xlpm.sh&"'!C"&_xlpm.startRow&":C"&(_xlpm.startRow+19)),INDIRECT("'"&_xlpm.sh&"'!F"&_xlpm.startRow&":F"&(_xlpm.startRow+19)),INDIRECT("'"&_xlpm.sh&"'!I"&_xlpm.startRow&":I"&(_xlpm.startRow+19)),INDIRECT("'"&_xlpm.sh&"'!L"&_xlpm.startRow&":L"&(_xlpm.startRow+19))),_xlfn._xlws.FILTER(Summary!D27:W27,TRANSPOSE(IFERROR(--_xlpm.counts,0))<1,"")))}
A28: F | B28: Netherlands | C28: NED | D28: {=IF($B28="Other",_xlfn.LET(_xlpm.num,IFERROR(--Others!$B$3,0),IF(_xlpm.num<1,Summary!D28,"")),IF($C28="FWC",_xlfn.LET(_xlpm.codes,_xlfn._xlws.FILTER(Summary!D28:W28,Summary!D28:W28<>""),_xlpm.nums,TRANSPOSE(IFERROR(--Others!$F$3:$F$21,0)),IFERROR(_xlfn.TEXTJOIN(", ",TRUE,_xlfn._xlws.FILTER(_xlpm.codes,_xlpm.nums<1)),"")),IF($C28="CC",_xlfn.LET(_xlpm.codes,_xlfn._xlws.FILTER(Summary!D28:W28,Summary!D28:W28<>""),_xlpm.nums,TRANSPOSE(IFERROR(--Others!$J$3:$J$14,0)),IFERROR(_xlfn.TEXTJOIN(", ",TRUE,_xlfn._xlws.FILTER(_xlpm.codes,_xlpm.nums<1)),"")),IF($C28="","",_xlfn.LET(_xlpm.idx,COUNTIF($C$3:INDEX($C:$C,ROW()),"<>"),_xlpm.grpNo,ROUNDUP(_xlpm.idx/4,0),_xlpm.sh,CHOOSE(ROUNDUP(_xlpm.grpNo/2,0),"A-B","C-D","E-F","G-H","I-J","K-L"),_xlpm.startRow,IF(ISODD(_xlpm.grpNo),5,29),_xlpm.teamNo,MOD(_xlpm.idx-1,4)+1,_xlpm.counts,CHOOSE(_xlpm.teamNo,INDIRECT("'"&_xlpm.sh&"'!C"&_xlpm.startRow&":C"&(_xlpm.startRow+19)),INDIRECT("'"&_xlpm.sh&"'!F"&_xlpm.startRow&":F"&(_xlpm.startRow+19)),INDIRECT("'"&_xlpm.sh&"'!I"&_xlpm.startRow&":I"&(_xlpm.startRow+19)),INDIRECT("'"&_xlpm.sh&"'!L"&_xlpm.startRow&":L"&(_xlpm.startRow+19))),_xlpm.nums,TRANSPOSE(IFERROR(--_xlpm.counts,0)),_xlpm.codes,Summary!D28:W28,IFERROR(_xlfn.TEXTJOIN(", ",TRUE,_xlfn._xlws.FILTER(_xlpm.codes,_xlpm.nums<1)),""))))))} -> NED 1, NED 2, NED 3, NED 4, NED 6, NED 7, NED 8, NED 9, NED 10, NED 11, NED 12, NED 13, NED 14, NED 15, NED 16, NED 17, NED 18, NED 19, NED 20
A29: F | B29: Japan | C29: JPN | D29: {=IF($B29="Other",_xlfn.LET(_xlpm.num,IFERROR(--Others!$B$3,0),IF(_xlpm.num<1,Summary!D29,"")),IF($C29="FWC",_xlfn.LET(_xlpm.codes,_xlfn._xlws.FILTER(Summary!D29:W29,Summary!D29:W29<>""),_xlpm.nums,TRANSPOSE(IFERROR(--Others!$F$3:$F$21,0)),IFERROR(_xlfn.TEXTJOIN(", ",TRUE,_xlfn._xlws.FILTER(_xlpm.codes,_xlpm.nums<1)),"")),IF($C29="CC",_xlfn.LET(_xlpm.codes,_xlfn._xlws.FILTER(Summary!D29:W29,Summary!D29:W29<>""),_xlpm.nums,TRANSPOSE(IFERROR(--Others!$J$3:$J$14,0)),IFERROR(_xlfn.TEXTJOIN(", ",TRUE,_xlfn._xlws.FILTER(_xlpm.codes,_xlpm.nums<1)),"")),IF($C29="","",_xlfn.LET(_xlpm.idx,COUNTIF($C$3:INDEX($C:$C,ROW()),"<>"),_xlpm.grpNo,ROUNDUP(_xlpm.idx/4,0),_xlpm.sh,CHOOSE(ROUNDUP(_xlpm.grpNo/2,0),"A-B","C-D","E-F","G-H","I-J","K-L"),_xlpm.startRow,IF(ISODD(_xlpm.grpNo),5,29),_xlpm.teamNo,MOD(_xlpm.idx-1,4)+1,_xlpm.counts,CHOOSE(_xlpm.teamNo,INDIRECT("'"&_xlpm.sh&"'!C"&_xlpm.startRow&":C"&(_xlpm.startRow+19)),INDIRECT("'"&_xlpm.sh&"'!F"&_xlpm.startRow&":F"&(_xlpm.startRow+19)),INDIRECT("'"&_xlpm.sh&"'!I"&_xlpm.startRow&":I"&(_xlpm.startRow+19)),INDIRECT("'"&_xlpm.sh&"'!L"&_xlpm.startRow&":L"&(_xlpm.startRow+19))),_xlpm.nums,TRANSPOSE(IFERROR(--_xlpm.counts,0)),_xlpm.codes,Summary!D29:W29,IFERROR(_xlfn.TEXTJOIN(", ",TRUE,_xlfn._xlws.FILTER(_xlpm.codes,_xlpm.nums<1)),""))))))} -> JPN 1, JPN 2, JPN 3, JPN 4, JPN 5, JPN 6, JPN 7, JPN 8, JPN 9, JPN 10, JPN 11, JPN 12, JPN 13, JPN 14, JPN 15, JPN 16, JPN 17, JPN 18, JPN 19, JPN 20
A30: F | B30: Sweden | C30: SWE | D30: {=IF($B30="Other",_xlfn.LET(_xlpm.num,IFERROR(--Others!$B$3,0),IF(_xlpm.num<1,Summary!D30,"")),IF($C30="FWC",_xlfn.LET(_xlpm.codes,_xlfn._xlws.FILTER(Summary!D30:W30,Summary!D30:W30<>""),_xlpm.nums,TRANSPOSE(IFERROR(--Others!$F$3:$F$21,0)),IFERROR(_xlfn.TEXTJOIN(", ",TRUE,_xlfn._xlws.FILTER(_xlpm.codes,_xlpm.nums<1)),"")),IF($C30="CC",_xlfn.LET(_xlpm.codes,_xlfn._xlws.FILTER(Summary!D30:W30,Summary!D30:W30<>""),_xlpm.nums,TRANSPOSE(IFERROR(--Others!$J$3:$J$14,0)),IFERROR(_xlfn.TEXTJOIN(", ",TRUE,_xlfn._xlws.FILTER(_xlpm.codes,_xlpm.nums<1)),"")),IF($C30="","",_xlfn.LET(_xlpm.idx,COUNTIF($C$3:INDEX($C:$C,ROW()),"<>"),_xlpm.grpNo,ROUNDUP(_xlpm.idx/4,0),_xlpm.sh,CHOOSE(ROUNDUP(_xlpm.grpNo/2,0),"A-B","C-D","E-F","G-H","I-J","K-L"),_xlpm.startRow,IF(ISODD(_xlpm.grpNo),5,29),_xlpm.teamNo,MOD(_xlpm.idx-1,4)+1,_xlpm.counts,CHOOSE(_xlpm.teamNo,INDIRECT("'"&_xlpm.sh&"'!C"&_xlpm.startRow&":C"&(_xlpm.startRow+19)),INDIRECT("'"&_xlpm.sh&"'!F"&_xlpm.startRow&":F"&(_xlpm.startRow+19)),INDIRECT("'"&_xlpm.sh&"'!I"&_xlpm.startRow&":I"&(_xlpm.startRow+19)),INDIRECT("'"&_xlpm.sh&"'!L"&_xlpm.startRow&":L"&(_xlpm.startRow+19))),_xlpm.nums,TRANSPOSE(IFERROR(--_xlpm.counts,0)),_xlpm.codes,Summary!D30:W30,IFERROR(_xlfn.TEXTJOIN(", ",TRUE,_xlfn._xlws.FILTER(_xlpm.codes,_xlpm.nums<1)),""))))))} -> SWE 1, SWE 2, SWE 3, SWE 4, SWE 5, SWE 6, SWE 7, SWE 8, SWE 9, SWE 10, SWE 11, SWE 12, SWE 13, SWE 14, SWE 15, SWE 16, SWE 17, SWE 18, SWE 19, SWE 20
A31: F | B31: Tunisia | C31: TUN | D31: {=IF($B31="Other",_xlfn.LET(_xlpm.num,IFERROR(--Others!$B$3,0),IF(_xlpm.num<1,Summary!D31,"")),IF($C31="FWC",_xlfn.LET(_xlpm.codes,_xlfn._xlws.FILTER(Summary!D31:W31,Summary!D31:W31<>""),_xlpm.nums,TRANSPOSE(IFERROR(--Others!$F$3:$F$21,0)),IFERROR(_xlfn.TEXTJOIN(", ",TRUE,_xlfn._xlws.FILTER(_xlpm.codes,_xlpm.nums<1)),"")),IF($C31="CC",_xlfn.LET(_xlpm.codes,_xlfn._xlws.FILTER(Summary!D31:W31,Summary!D31:W31<>""),_xlpm.nums,TRANSPOSE(IFERROR(--Others!$J$3:$J$14,0)),IFERROR(_xlfn.TEXTJOIN(", ",TRUE,_xlfn._xlws.FILTER(_xlpm.codes,_xlpm.nums<1)),"")),IF($C31="","",_xlfn.LET(_xlpm.idx,COUNTIF($C$3:INDEX($C:$C,ROW()),"<>"),_xlpm.grpNo,ROUNDUP(_xlpm.idx/4,0),_xlpm.sh,CHOOSE(ROUNDUP(_xlpm.grpNo/2,0),"A-B","C-D","E-F","G-H","I-J","K-L"),_xlpm.startRow,IF(ISODD(_xlpm.grpNo),5,29),_xlpm.teamNo,MOD(_xlpm.idx-1,4)+1,_xlpm.counts,CHOOSE(_xlpm.teamNo,INDIRECT("'"&_xlpm.sh&"'!C"&_xlpm.startRow&":C"&(_xlpm.startRow+19)),INDIRECT("'"&_xlpm.sh&"'!F"&_xlpm.startRow&":F"&(_xlpm.startRow+19)),INDIRECT("'"&_xlpm.sh&"'!I"&_xlpm.startRow&":I"&(_xlpm.startRow+19)),INDIRECT("'"&_xlpm.sh&"'!L"&_xlpm.startRow&":L"&(_xlpm.startRow+19))),_xlpm.nums,TRANSPOSE(IFERROR(--_xlpm.counts,0)),_xlpm.codes,Summary!D31:W31,IFERROR(_xlfn.TEXTJOIN(", ",TRUE,_xlfn._xlws.FILTER(_xlpm.codes,_xlpm.nums<1)),""))))))} -> TUN 1, TUN 2, TUN 3, TUN 4, TUN 5, TUN 6, TUN 7, TUN 8, TUN 9, TUN 10, TUN 11, TUN 12, TUN 13, TUN 14, TUN 15, TUN 16, TUN 17, TUN 18, TUN 19, TUN 20
D32: {=IF($C32="","",_xlfn.LET(_xlpm.grp,$A32,_xlpm.sh,CHOOSE(ROUNDUP((CODE(_xlpm.grp)-64)/2,0),"A-B","C-D","E-F","G-H","I-J","K-L"),_xlpm.startRow,IF(ISODD(CODE(_xlpm.grp)-64),5,29),_xlpm.teamNo,COUNTIF($A$3:$A32,_xlpm.grp),_xlpm.counts,CHOOSE(_xlpm.teamNo,INDIRECT("'"&_xlpm.sh&"'!C"&_xlpm.startRow&":C"&(_xlpm.startRow+19)),INDIRECT("'"&_xlpm.sh&"'!F"&_xlpm.startRow&":F"&(_xlpm.startRow+19)),INDIRECT("'"&_xlpm.sh&"'!I"&_xlpm.startRow&":I"&(_xlpm.startRow+19)),INDIRECT("'"&_xlpm.sh&"'!L"&_xlpm.startRow&":L"&(_xlpm.startRow+19))),_xlfn._xlws.FILTER(Summary!D32:W32,TRANSPOSE(IFERROR(--_xlpm.counts,0))<1,"")))}
A33: G | B33: Belgium | C33: BEL | D33: {=IF($B33="Other",_xlfn.LET(_xlpm.num,IFERROR(--Others!$B$3,0),IF(_xlpm.num<1,Summary!D33,"")),IF($C33="FWC",_xlfn.LET(_xlpm.codes,_xlfn._xlws.FILTER(Summary!D33:W33,Summary!D33:W33<>""),_xlpm.nums,TRANSPOSE(IFERROR(--Others!$F$3:$F$21,0)),IFERROR(_xlfn.TEXTJOIN(", ",TRUE,_xlfn._xlws.FILTER(_xlpm.codes,_xlpm.nums<1)),"")),IF($C33="CC",_xlfn.LET(_xlpm.codes,_xlfn._xlws.FILTER(Summary!D33:W33,Summary!D33:W33<>""),_xlpm.nums,TRANSPOSE(IFERROR(--Others!$J$3:$J$14,0)),IFERROR(_xlfn.TEXTJOIN(", ",TRUE,_xlfn._xlws.FILTER(_xlpm.codes,_xlpm.nums<1)),"")),IF($C33="","",_xlfn.LET(_xlpm.idx,COUNTIF($C$3:INDEX($C:$C,ROW()),"<>"),_xlpm.grpNo,ROUNDUP(_xlpm.idx/4,0),_xlpm.sh,CHOOSE(ROUNDUP(_xlpm.grpNo/2,0),"A-B","C-D","E-F","G-H","I-J","K-L"),_xlpm.startRow,IF(ISODD(_xlpm.grpNo),5,29),_xlpm.teamNo,MOD(_xlpm.idx-1,4)+1,_xlpm.counts,CHOOSE(_xlpm.teamNo,INDIRECT("'"&_xlpm.sh&"'!C"&_xlpm.startRow&":C"&(_xlpm.startRow+19)),INDIRECT("'"&_xlpm.sh&"'!F"&_xlpm.startRow&":F"&(_xlpm.startRow+19)),INDIRECT("'"&_xlpm.sh&"'!I"&_xlpm.startRow&":I"&(_xlpm.startRow+19)),INDIRECT("'"&_xlpm.sh&"'!L"&_xlpm.startRow&":L"&(_xlpm.startRow+19))),_xlpm.nums,TRANSPOSE(IFERROR(--_xlpm.counts,0)),_xlpm.codes,Summary!D33:W33,IFERROR(_xlfn.TEXTJOIN(", ",TRUE,_xlfn._xlws.FILTER(_xlpm.codes,_xlpm.nums<1)),""))))))} -> BEL 1, BEL 2, BEL 3, BEL 4, BEL 5, BEL 6, BEL 7, BEL 8, BEL 9, BEL 10, BEL 11, BEL 12, BEL 13, BEL 14, BEL 15, BEL 16, BEL 17, BEL 18, BEL 19, BEL 20
A34: G | B34: Egypt | C34: EGY | D34: {=IF($B34="Other",_xlfn.LET(_xlpm.num,IFERROR(--Others!$B$3,0),IF(_xlpm.num<1,Summary!D34,"")),IF($C34="FWC",_xlfn.LET(_xlpm.codes,_xlfn._xlws.FILTER(Summary!D34:W34,Summary!D34:W34<>""),_xlpm.nums,TRANSPOSE(IFERROR(--Others!$F$3:$F$21,0)),IFERROR(_xlfn.TEXTJOIN(", ",TRUE,_xlfn._xlws.FILTER(_xlpm.codes,_xlpm.nums<1)),"")),IF($C34="CC",_xlfn.LET(_xlpm.codes,_xlfn._xlws.FILTER(Summary!D34:W34,Summary!D34:W34<>""),_xlpm.nums,TRANSPOSE(IFERROR(--Others!$J$3:$J$14,0)),IFERROR(_xlfn.TEXTJOIN(", ",TRUE,_xlfn._xlws.FILTER(_xlpm.codes,_xlpm.nums<1)),"")),IF($C34="","",_xlfn.LET(_xlpm.idx,COUNTIF($C$3:INDEX($C:$C,ROW()),"<>"),_xlpm.grpNo,ROUNDUP(_xlpm.idx/4,0),_xlpm.sh,CHOOSE(ROUNDUP(_xlpm.grpNo/2,0),"A-B","C-D","E-F","G-H","I-J","K-L"),_xlpm.startRow,IF(ISODD(_xlpm.grpNo),5,29),_xlpm.teamNo,MOD(_xlpm.idx-1,4)+1,_xlpm.counts,CHOOSE(_xlpm.teamNo,INDIRECT("'"&_xlpm.sh&"'!C"&_xlpm.startRow&":C"&(_xlpm.startRow+19)),INDIRECT("'"&_xlpm.sh&"'!F"&_xlpm.startRow&":F"&(_xlpm.startRow+19)),INDIRECT("'"&_xlpm.sh&"'!I"&_xlpm.startRow&":I"&(_xlpm.startRow+19)),INDIRECT("'"&_xlpm.sh&"'!L"&_xlpm.startRow&":L"&(_xlpm.startRow+19))),_xlpm.nums,TRANSPOSE(IFERROR(--_xlpm.counts,0)),_xlpm.codes,Summary!D34:W34,IFERROR(_xlfn.TEXTJOIN(", ",TRUE,_xlfn._xlws.FILTER(_xlpm.codes,_xlpm.nums<1)),""))))))} -> EGY 1, EGY 2, EGY 3, EGY 4, EGY 5, EGY 6, EGY 7, EGY 8, EGY 9, EGY 10, EGY 11, EGY 12, EGY 13, EGY 14, EGY 15, EGY 16, EGY 17, EGY 18, EGY 19, EGY 20
A35: G | B35: IR Iran | C35: IRN | D35: {=IF($B35="Other",_xlfn.LET(_xlpm.num,IFERROR(--Others!$B$3,0),IF(_xlpm.num<1,Summary!D35,"")),IF($C35="FWC",_xlfn.LET(_xlpm.codes,_xlfn._xlws.FILTER(Summary!D35:W35,Summary!D35:W35<>""),_xlpm.nums,TRANSPOSE(IFERROR(--Others!$F$3:$F$21,0)),IFERROR(_xlfn.TEXTJOIN(", ",TRUE,_xlfn._xlws.FILTER(_xlpm.codes,_xlpm.nums<1)),"")),IF($C35="CC",_xlfn.LET(_xlpm.codes,_xlfn._xlws.FILTER(Summary!D35:W35,Summary!D35:W35<>""),_xlpm.nums,TRANSPOSE(IFERROR(--Others!$J$3:$J$14,0)),IFERROR(_xlfn.TEXTJOIN(", ",TRUE,_xlfn._xlws.FILTER(_xlpm.codes,_xlpm.nums<1)),"")),IF($C35="","",_xlfn.LET(_xlpm.idx,COUNTIF($C$3:INDEX($C:$C,ROW()),"<>"),_xlpm.grpNo,ROUNDUP(_xlpm.idx/4,0),_xlpm.sh,CHOOSE(ROUNDUP(_xlpm.grpNo/2,0),"A-B","C-D","E-F","G-H","I-J","K-L"),_xlpm.startRow,IF(ISODD(_xlpm.grpNo),5,29),_xlpm.teamNo,MOD(_xlpm.idx-1,4)+1,_xlpm.counts,CHOOSE(_xlpm.teamNo,INDIRECT("'"&_xlpm.sh&"'!C"&_xlpm.startRow&":C"&(_xlpm.startRow+19)),INDIRECT("'"&_xlpm.sh&"'!F"&_xlpm.startRow&":F"&(_xlpm.startRow+19)),INDIRECT("'"&_xlpm.sh&"'!I"&_xlpm.startRow&":I"&(_xlpm.startRow+19)),INDIRECT("'"&_xlpm.sh&"'!L"&_xlpm.startRow&":L"&(_xlpm.startRow+19))),_xlpm.nums,TRANSPOSE(IFERROR(--_xlpm.counts,0)),_xlpm.codes,Summary!D35:W35,IFERROR(_xlfn.TEXTJOIN(", ",TRUE,_xlfn._xlws.FILTER(_xlpm.codes,_xlpm.nums<1)),""))))))} -> IRN 1, IRN 2, IRN 3, IRN 4, IRN 5, IRN 6, IRN 7, IRN 8, IRN 9, IRN 10, IRN 11, IRN 12, IRN 13, IRN 14, IRN 15, IRN 16, IRN 17, IRN 18, IRN 19, IRN 20
A36: G | B36: New Zealand | C36: NZL | D36: {=IF($B36="Other",_xlfn.LET(_xlpm.num,IFERROR(--Others!$B$3,0),IF(_xlpm.num<1,Summary!D36,"")),IF($C36="FWC",_xlfn.LET(_xlpm.codes,_xlfn._xlws.FILTER(Summary!D36:W36,Summary!D36:W36<>""),_xlpm.nums,TRANSPOSE(IFERROR(--Others!$F$3:$F$21,0)),IFERROR(_xlfn.TEXTJOIN(", ",TRUE,_xlfn._xlws.FILTER(_xlpm.codes,_xlpm.nums<1)),"")),IF($C36="CC",_xlfn.LET(_xlpm.codes,_xlfn._xlws.FILTER(Summary!D36:W36,Summary!D36:W36<>""),_xlpm.nums,TRANSPOSE(IFERROR(--Others!$J$3:$J$14,0)),IFERROR(_xlfn.TEXTJOIN(", ",TRUE,_xlfn._xlws.FILTER(_xlpm.codes,_xlpm.nums<1)),"")),IF($C36="","",_xlfn.LET(_xlpm.idx,COUNTIF($C$3:INDEX($C:$C,ROW()),"<>"),_xlpm.grpNo,ROUNDUP(_xlpm.idx/4,0),_xlpm.sh,CHOOSE(ROUNDUP(_xlpm.grpNo/2,0),"A-B","C-D","E-F","G-H","I-J","K-L"),_xlpm.startRow,IF(ISODD(_xlpm.grpNo),5,29),_xlpm.teamNo,MOD(_xlpm.idx-1,4)+1,_xlpm.counts,CHOOSE(_xlpm.teamNo,INDIRECT("'"&_xlpm.sh&"'!C"&_xlpm.startRow&":C"&(_xlpm.startRow+19)),INDIRECT("'"&_xlpm.sh&"'!F"&_xlpm.startRow&":F"&(_xlpm.startRow+19)),INDIRECT("'"&_xlpm.sh&"'!I"&_xlpm.startRow&":I"&(_xlpm.startRow+19)),INDIRECT("'"&_xlpm.sh&"'!L"&_xlpm.startRow&":L"&(_xlpm.startRow+19))),_xlpm.nums,TRANSPOSE(IFERROR(--_xlpm.counts,0)),_xlpm.codes,Summary!D36:W36,IFERROR(_xlfn.TEXTJOIN(", ",TRUE,_xlfn._xlws.FILTER(_xlpm.codes,_xlpm.nums<1)),""))))))} -> NZL 1, NZL 2, NZL 3, NZL 4, NZL 5, NZL 6, NZL 7, NZL 8, NZL 9, NZL 10, NZL 11, NZL 12, NZL 13, NZL 14, NZL 15, NZL 16, NZL 17, NZL 18, NZL 19, NZL 20
D37: {=IF($C37="","",_xlfn.LET(_xlpm.grp,$A37,_xlpm.sh,CHOOSE(ROUNDUP((CODE(_xlpm.grp)-64)/2,0),"A-B","C-D","E-F","G-H","I-J","K-L"),_xlpm.startRow,IF(ISODD(CODE(_xlpm.grp)-64),5,29),_xlpm.teamNo,COUNTIF($A$3:$A37,_xlpm.grp),_xlpm.counts,CHOOSE(_xlpm.teamNo,INDIRECT("'"&_xlpm.sh&"'!C"&_xlpm.startRow&":C"&(_xlpm.startRow+19)),INDIRECT("'"&_xlpm.sh&"'!F"&_xlpm.startRow&":F"&(_xlpm.startRow+19)),INDIRECT("'"&_xlpm.sh&"'!I"&_xlpm.startRow&":I"&(_xlpm.startRow+19)),INDIRECT("'"&_xlpm.sh&"'!L"&_xlpm.startRow&":L"&(_xlpm.startRow+19))),_xlfn._xlws.FILTER(Summary!D37:W37,TRANSPOSE(IFERROR(--_xlpm.counts,0))<1,"")))}
A38: H | B38: Spain | C38: ESP | D38: {=IF($B38="Other",_xlfn.LET(_xlpm.num,IFERROR(--Others!$B$3,0),IF(_xlpm.num<1,Summary!D38,"")),IF($C38="FWC",_xlfn.LET(_xlpm.codes,_xlfn._xlws.FILTER(Summary!D38:W38,Summary!D38:W38<>""),_xlpm.nums,TRANSPOSE(IFERROR(--Others!$F$3:$F$21,0)),IFERROR(_xlfn.TEXTJOIN(", ",TRUE,_xlfn._xlws.FILTER(_xlpm.codes,_xlpm.nums<1)),"")),IF($C38="CC",_xlfn.LET(_xlpm.codes,_xlfn._xlws.FILTER(Summary!D38:W38,Summary!D38:W38<>""),_xlpm.nums,TRANSPOSE(IFERROR(--Others!$J$3:$J$14,0)),IFERROR(_xlfn.TEXTJOIN(", ",TRUE,_xlfn._xlws.FILTER(_xlpm.codes,_xlpm.nums<1)),"")),IF($C38="","",_xlfn.LET(_xlpm.idx,COUNTIF($C$3:INDEX($C:$C,ROW()),"<>"),_xlpm.grpNo,ROUNDUP(_xlpm.idx/4,0),_xlpm.sh,CHOOSE(ROUNDUP(_xlpm.grpNo/2,0),"A-B","C-D","E-F","G-H","I-J","K-L"),_xlpm.startRow,IF(ISODD(_xlpm.grpNo),5,29),_xlpm.teamNo,MOD(_xlpm.idx-1,4)+1,_xlpm.counts,CHOOSE(_xlpm.teamNo,INDIRECT("'"&_xlpm.sh&"'!C"&_xlpm.startRow&":C"&(_xlpm.startRow+19)),INDIRECT("'"&_xlpm.sh&"'!F"&_xlpm.startRow&":F"&(_xlpm.startRow+19)),INDIRECT("'"&_xlpm.sh&"'!I"&_xlpm.startRow&":I"&(_xlpm.startRow+19)),INDIRECT("'"&_xlpm.sh&"'!L"&_xlpm.startRow&":L"&(_xlpm.startRow+19))),_xlpm.nums,TRANSPOSE(IFERROR(--_xlpm.counts,0)),_xlpm.codes,Summary!D38:W38,IFERROR(_xlfn.TEXTJOIN(", ",TRUE,_xlfn._xlws.FILTER(_xlpm.codes,_xlpm.nums<1)),""))))))} -> ESP 1, ESP 2, ESP 3, ESP 4, ESP 5, ESP 6, ESP 7, ESP 8, ESP 9, ESP 10, ESP 11, ESP 12, ESP 13, ESP 14, ESP 15, ESP 16, ESP 17, ESP 18, ESP 19, ESP 20
A39: H | B39: Cabo Verde | C39: CPV | D39: {=IF($B39="Other",_xlfn.LET(_xlpm.num,IFERROR(--Others!$B$3,0),IF(_xlpm.num<1,Summary!D39,"")),IF($C39="FWC",_xlfn.LET(_xlpm.codes,_xlfn._xlws.FILTER(Summary!D39:W39,Summary!D39:W39<>""),_xlpm.nums,TRANSPOSE(IFERROR(--Others!$F$3:$F$21,0)),IFERROR(_xlfn.TEXTJOIN(", ",TRUE,_xlfn._xlws.FILTER(_xlpm.codes,_xlpm.nums<1)),"")),IF($C39="CC",_xlfn.LET(_xlpm.codes,_xlfn._xlws.FILTER(Summary!D39:W39,Summary!D39:W39<>""),_xlpm.nums,TRANSPOSE(IFERROR(--Others!$J$3:$J$14,0)),IFERROR(_xlfn.TEXTJOIN(", ",TRUE,_xlfn._xlws.FILTER(_xlpm.codes,_xlpm.nums<1)),"")),IF($C39="","",_xlfn.LET(_xlpm.idx,COUNTIF($C$3:INDEX($C:$C,ROW()),"<>"),_xlpm.grpNo,ROUNDUP(_xlpm.idx/4,0),_xlpm.sh,CHOOSE(ROUNDUP(_xlpm.grpNo/2,0),"A-B","C-D","E-F","G-H","I-J","K-L"),_xlpm.startRow,IF(ISODD(_xlpm.grpNo),5,29),_xlpm.teamNo,MOD(_xlpm.idx-1,4)+1,_xlpm.counts,CHOOSE(_xlpm.teamNo,INDIRECT("'"&_xlpm.sh&"'!C"&_xlpm.startRow&":C"&(_xlpm.startRow+19)),INDIRECT("'"&_xlpm.sh&"'!F"&_xlpm.startRow&":F"&(_xlpm.startRow+19)),INDIRECT("'"&_xlpm.sh&"'!I"&_xlpm.startRow&":I"&(_xlpm.startRow+19)),INDIRECT("'"&_xlpm.sh&"'!L"&_xlpm.startRow&":L"&(_xlpm.startRow+19))),_xlpm.nums,TRANSPOSE(IFERROR(--_xlpm.counts,0)),_xlpm.codes,Summary!D39:W39,IFERROR(_xlfn.TEXTJOIN(", ",TRUE,_xlfn._xlws.FILTER(_xlpm.codes,_xlpm.nums<1)),""))))))} -> CPV 1, CPV 2, CPV 3, CPV 4, CPV 5, CPV 6, CPV 7, CPV 8, CPV 9, CPV 10, CPV 11, CPV 12, CPV 13, CPV 14, CPV 15, CPV 16, CPV 17, CPV 18, CPV 19, CPV 20
A40: H | B40: Saudi Arabia | C40: KSA | D40: {=IF($B40="Other",_xlfn.LET(_xlpm.num,IFERROR(--Others!$B$3,0),IF(_xlpm.num<1,Summary!D40,"")),IF($C40="FWC",_xlfn.LET(_xlpm.codes,_xlfn._xlws.FILTER(Summary!D40:W40,Summary!D40:W40<>""),_xlpm.nums,TRANSPOSE(IFERROR(--Others!$F$3:$F$21,0)),IFERROR(_xlfn.TEXTJOIN(", ",TRUE,_xlfn._xlws.FILTER(_xlpm.codes,_xlpm.nums<1)),"")),IF($C40="CC",_xlfn.LET(_xlpm.codes,_xlfn._xlws.FILTER(Summary!D40:W40,Summary!D40:W40<>""),_xlpm.nums,TRANSPOSE(IFERROR(--Others!$J$3:$J$14,0)),IFERROR(_xlfn.TEXTJOIN(", ",TRUE,_xlfn._xlws.FILTER(_xlpm.codes,_xlpm.nums<1)),"")),IF($C40="","",_xlfn.LET(_xlpm.idx,COUNTIF($C$3:INDEX($C:$C,ROW()),"<>"),_xlpm.grpNo,ROUNDUP(_xlpm.idx/4,0),_xlpm.sh,CHOOSE(ROUNDUP(_xlpm.grpNo/2,0),"A-B","C-D","E-F","G-H","I-J","K-L"),_xlpm.startRow,IF(ISODD(_xlpm.grpNo),5,29),_xlpm.teamNo,MOD(_xlpm.idx-1,4)+1,_xlpm.counts,CHOOSE(_xlpm.teamNo,INDIRECT("'"&_xlpm.sh&"'!C"&_xlpm.startRow&":C"&(_xlpm.startRow+19)),INDIRECT("'"&_xlpm.sh&"'!F"&_xlpm.startRow&":F"&(_xlpm.startRow+19)),INDIRECT("'"&_xlpm.sh&"'!I"&_xlpm.startRow&":I"&(_xlpm.startRow+19)),INDIRECT("'"&_xlpm.sh&"'!L"&_xlpm.startRow&":L"&(_xlpm.startRow+19))),_xlpm.nums,TRANSPOSE(IFERROR(--_xlpm.counts,0)),_xlpm.codes,Summary!D40:W40,IFERROR(_xlfn.TEXTJOIN(", ",TRUE,_xlfn._xlws.FILTER(_xlpm.codes,_xlpm.nums<1)),""))))))} -> KSA 1, KSA 2, KSA 3, KSA 4, KSA 5, KSA 6, KSA 7, KSA 8, KSA 9, KSA 10, KSA 11, KSA 12, KSA 13, KSA 14, KSA 15, KSA 16, KSA 17, KSA 18, KSA 19, KSA 20
A41: H | B41: Uruguay | C41: URU | D41: {=IF($B41="Other",_xlfn.LET(_xlpm.num,IFERROR(--Others!$B$3,0),IF(_xlpm.num<1,Summary!D41,"")),IF($C41="FWC",_xlfn.LET(_xlpm.codes,_xlfn._xlws.FILTER(Summary!D41:W41,Summary!D41:W41<>""),_xlpm.nums,TRANSPOSE(IFERROR(--Others!$F$3:$F$21,0)),IFERROR(_xlfn.TEXTJOIN(", ",TRUE,_xlfn._xlws.FILTER(_xlpm.codes,_xlpm.nums<1)),"")),IF($C41="CC",_xlfn.LET(_xlpm.codes,_xlfn._xlws.FILTER(Summary!D41:W41,Summary!D41:W41<>""),_xlpm.nums,TRANSPOSE(IFERROR(--Others!$J$3:$J$14,0)),IFERROR(_xlfn.TEXTJOIN(", ",TRUE,_xlfn._xlws.FILTER(_xlpm.codes,_xlpm.nums<1)),"")),IF($C41="","",_xlfn.LET(_xlpm.idx,COUNTIF($C$3:INDEX($C:$C,ROW()),"<>"),_xlpm.grpNo,ROUNDUP(_xlpm.idx/4,0),_xlpm.sh,CHOOSE(ROUNDUP(_xlpm.grpNo/2,0),"A-B","C-D","E-F","G-H","I-J","K-L"),_xlpm.startRow,IF(ISODD(_xlpm.grpNo),5,29),_xlpm.teamNo,MOD(_xlpm.idx-1,4)+1,_xlpm.counts,CHOOSE(_xlpm.teamNo,INDIRECT("'"&_xlpm.sh&"'!C"&_xlpm.startRow&":C"&(_xlpm.startRow+19)),INDIRECT("'"&_xlpm.sh&"'!F"&_xlpm.startRow&":F"&(_xlpm.startRow+19)),INDIRECT("'"&_xlpm.sh&"'!I"&_xlpm.startRow&":I"&(_xlpm.startRow+19)),INDIRECT("'"&_xlpm.sh&"'!L"&_xlpm.startRow&":L"&(_xlpm.startRow+19))),_xlpm.nums,TRANSPOSE(IFERROR(--_xlpm.counts,0)),_xlpm.codes,Summary!D41:W41,IFERROR(_xlfn.TEXTJOIN(", ",TRUE,_xlfn._xlws.FILTER(_xlpm.codes,_xlpm.nums<1)),""))))))} -> URU 1, URU 2, URU 3, URU 4, URU 5, URU 6, URU 7, URU 8, URU 9, URU 10, URU 11, URU 12, URU 13, URU 14, URU 15, URU 16, URU 17, URU 18, URU 19, URU 20
D42: {=IF($C42="","",_xlfn.LET(_xlpm.grp,$A42,_xlpm.sh,CHOOSE(ROUNDUP((CODE(_xlpm.grp)-64)/2,0),"A-B","C-D","E-F","G-H","I-J","K-L"),_xlpm.startRow,IF(ISODD(CODE(_xlpm.grp)-64),5,29),_xlpm.teamNo,COUNTIF($A$3:$A42,_xlpm.grp),_xlpm.counts,CHOOSE(_xlpm.teamNo,INDIRECT("'"&_xlpm.sh&"'!C"&_xlpm.startRow&":C"&(_xlpm.startRow+19)),INDIRECT("'"&_xlpm.sh&"'!F"&_xlpm.startRow&":F"&(_xlpm.startRow+19)),INDIRECT("'"&_xlpm.sh&"'!I"&_xlpm.startRow&":I"&(_xlpm.startRow+19)),INDIRECT("'"&_xlpm.sh&"'!L"&_xlpm.startRow&":L"&(_xlpm.startRow+19))),_xlfn._xlws.FILTER(Summary!D42:W42,TRANSPOSE(IFERROR(--_xlpm.counts,0))<1,"")))}
A43: I | B43: France | C43: FRA | D43: {=IF($B43="Other",_xlfn.LET(_xlpm.num,IFERROR(--Others!$B$3,0),IF(_xlpm.num<1,Summary!D43,"")),IF($C43="FWC",_xlfn.LET(_xlpm.codes,_xlfn._xlws.FILTER(Summary!D43:W43,Summary!D43:W43<>""),_xlpm.nums,TRANSPOSE(IFERROR(--Others!$F$3:$F$21,0)),IFERROR(_xlfn.TEXTJOIN(", ",TRUE,_xlfn._xlws.FILTER(_xlpm.codes,_xlpm.nums<1)),"")),IF($C43="CC",_xlfn.LET(_xlpm.codes,_xlfn._xlws.FILTER(Summary!D43:W43,Summary!D43:W43<>""),_xlpm.nums,TRANSPOSE(IFERROR(--Others!$J$3:$J$14,0)),IFERROR(_xlfn.TEXTJOIN(", ",TRUE,_xlfn._xlws.FILTER(_xlpm.codes,_xlpm.nums<1)),"")),IF($C43="","",_xlfn.LET(_xlpm.idx,COUNTIF($C$3:INDEX($C:$C,ROW()),"<>"),_xlpm.grpNo,ROUNDUP(_xlpm.idx/4,0),_xlpm.sh,CHOOSE(ROUNDUP(_xlpm.grpNo/2,0),"A-B","C-D","E-F","G-H","I-J","K-L"),_xlpm.startRow,IF(ISODD(_xlpm.grpNo),5,29),_xlpm.teamNo,MOD(_xlpm.idx-1,4)+1,_xlpm.counts,CHOOSE(_xlpm.teamNo,INDIRECT("'"&_xlpm.sh&"'!C"&_xlpm.startRow&":C"&(_xlpm.startRow+19)),INDIRECT("'"&_xlpm.sh&"'!F"&_xlpm.startRow&":F"&(_xlpm.startRow+19)),INDIRECT("'"&_xlpm.sh&"'!I"&_xlpm.startRow&":I"&(_xlpm.startRow+19)),INDIRECT("'"&_xlpm.sh&"'!L"&_xlpm.startRow&":L"&(_xlpm.startRow+19))),_xlpm.nums,TRANSPOSE(IFERROR(--_xlpm.counts,0)),_xlpm.codes,Summary!D43:W43,IFERROR(_xlfn.TEXTJOIN(", ",TRUE,_xlfn._xlws.FILTER(_xlpm.codes,_xlpm.nums<1)),""))))))} -> FRA 1, FRA 2, FRA 3, FRA 4, FRA 5, FRA 6, FRA 7, FRA 8, FRA 9, FRA 10, FRA 11, FRA 12, FRA 13, FRA 14, FRA 15, FRA 16, FRA 17, FRA 18, FRA 19, FRA 20
A44: I | B44: Senegal | C44: SEN | D44: {=IF($B44="Other",_xlfn.LET(_xlpm.num,IFERROR(--Others!$B$3,0),IF(_xlpm.num<1,Summary!D44,"")),IF($C44="FWC",_xlfn.LET(_xlpm.codes,_xlfn._xlws.FILTER(Summary!D44:W44,Summary!D44:W44<>""),_xlpm.nums,TRANSPOSE(IFERROR(--Others!$F$3:$F$21,0)),IFERROR(_xlfn.TEXTJOIN(", ",TRUE,_xlfn._xlws.FILTER(_xlpm.codes,_xlpm.nums<1)),"")),IF($C44="CC",_xlfn.LET(_xlpm.codes,_xlfn._xlws.FILTER(Summary!D44:W44,Summary!D44:W44<>""),_xlpm.nums,TRANSPOSE(IFERROR(--Others!$J$3:$J$14,0)),IFERROR(_xlfn.TEXTJOIN(", ",TRUE,_xlfn._xlws.FILTER(_xlpm.codes,_xlpm.nums<1)),"")),IF($C44="","",_xlfn.LET(_xlpm.idx,COUNTIF($C$3:INDEX($C:$C,ROW()),"<>"),_xlpm.grpNo,ROUNDUP(_xlpm.idx/4,0),_xlpm.sh,CHOOSE(ROUNDUP(_xlpm.grpNo/2,0),"A-B","C-D","E-F","G-H","I-J","K-L"),_xlpm.startRow,IF(ISODD(_xlpm.grpNo),5,29),_xlpm.teamNo,MOD(_xlpm.idx-1,4)+1,_xlpm.counts,CHOOSE(_xlpm.teamNo,INDIRECT("'"&_xlpm.sh&"'!C"&_xlpm.startRow&":C"&(_xlpm.startRow+19)),INDIRECT("'"&_xlpm.sh&"'!F"&_xlpm.startRow&":F"&(_xlpm.startRow+19)),INDIRECT("'"&_xlpm.sh&"'!I"&_xlpm.startRow&":I"&(_xlpm.startRow+19)),INDIRECT("'"&_xlpm.sh&"'!L"&_xlpm.startRow&":L"&(_xlpm.startRow+19))),_xlpm.nums,TRANSPOSE(IFERROR(--_xlpm.counts,0)),_xlpm.codes,Summary!D44:W44,IFERROR(_xlfn.TEXTJOIN(", ",TRUE,_xlfn._xlws.FILTER(_xlpm.codes,_xlpm.nums<1)),""))))))} -> SEN 1, SEN 2, SEN 3, SEN 4, SEN 5, SEN 6, SEN 7, SEN 8, SEN 9, SEN 10, SEN 11, SEN 12, SEN 13, SEN 14, SEN 15, SEN 16, SEN 17, SEN 18, SEN 19, SEN 20
A45: I | B45: Iraq | C45: IRQ | D45: {=IF($B45="Other",_xlfn.LET(_xlpm.num,IFERROR(--Others!$B$3,0),IF(_xlpm.num<1,Summary!D45,"")),IF($C45="FWC",_xlfn.LET(_xlpm.codes,_xlfn._xlws.FILTER(Summary!D45:W45,Summary!D45:W45<>""),_xlpm.nums,TRANSPOSE(IFERROR(--Others!$F$3:$F$21,0)),IFERROR(_xlfn.TEXTJOIN(", ",TRUE,_xlfn._xlws.FILTER(_xlpm.codes,_xlpm.nums<1)),"")),IF($C45="CC",_xlfn.LET(_xlpm.codes,_xlfn._xlws.FILTER(Summary!D45:W45,Summary!D45:W45<>""),_xlpm.nums,TRANSPOSE(IFERROR(--Others!$J$3:$J$14,0)),IFERROR(_xlfn.TEXTJOIN(", ",TRUE,_xlfn._xlws.FILTER(_xlpm.codes,_xlpm.nums<1)),"")),IF($C45="","",_xlfn.LET(_xlpm.idx,COUNTIF($C$3:INDEX($C:$C,ROW()),"<>"),_xlpm.grpNo,ROUNDUP(_xlpm.idx/4,0),_xlpm.sh,CHOOSE(ROUNDUP(_xlpm.grpNo/2,0),"A-B","C-D","E-F","G-H","I-J","K-L"),_xlpm.startRow,IF(ISODD(_xlpm.grpNo),5,29),_xlpm.teamNo,MOD(_xlpm.idx-1,4)+1,_xlpm.counts,CHOOSE(_xlpm.teamNo,INDIRECT("'"&_xlpm.sh&"'!C"&_xlpm.startRow&":C"&(_xlpm.startRow+19)),INDIRECT("'"&_xlpm.sh&"'!F"&_xlpm.startRow&":F"&(_xlpm.startRow+19)),INDIRECT("'"&_xlpm.sh&"'!I"&_xlpm.startRow&":I"&(_xlpm.startRow+19)),INDIRECT("'"&_xlpm.sh&"'!L"&_xlpm.startRow&":L"&(_xlpm.startRow+19))),_xlpm.nums,TRANSPOSE(IFERROR(--_xlpm.counts,0)),_xlpm.codes,Summary!D45:W45,IFERROR(_xlfn.TEXTJOIN(", ",TRUE,_xlfn._xlws.FILTER(_xlpm.codes,_xlpm.nums<1)),""))))))} -> IRQ 1, IRQ 2, IRQ 3, IRQ 4, IRQ 5, IRQ 6, IRQ 7, IRQ 8, IRQ 9, IRQ 10, IRQ 11, IRQ 12, IRQ 13, IRQ 14, IRQ 15, IRQ 16, IRQ 17, IRQ 18, IRQ 19, IRQ 20
A46: I | B46: Norway | C46: NOR | D46: {=IF($B46="Other",_xlfn.LET(_xlpm.num,IFERROR(--Others!$B$3,0),IF(_xlpm.num<1,Summary!D46,"")),IF($C46="FWC",_xlfn.LET(_xlpm.codes,_xlfn._xlws.FILTER(Summary!D46:W46,Summary!D46:W46<>""),_xlpm.nums,TRANSPOSE(IFERROR(--Others!$F$3:$F$21,0)),IFERROR(_xlfn.TEXTJOIN(", ",TRUE,_xlfn._xlws.FILTER(_xlpm.codes,_xlpm.nums<1)),"")),IF($C46="CC",_xlfn.LET(_xlpm.codes,_xlfn._xlws.FILTER(Summary!D46:W46,Summary!D46:W46<>""),_xlpm.nums,TRANSPOSE(IFERROR(--Others!$J$3:$J$14,0)),IFERROR(_xlfn.TEXTJOIN(", ",TRUE,_xlfn._xlws.FILTER(_xlpm.codes,_xlpm.nums<1)),"")),IF($C46="","",_xlfn.LET(_xlpm.idx,COUNTIF($C$3:INDEX($C:$C,ROW()),"<>"),_xlpm.grpNo,ROUNDUP(_xlpm.idx/4,0),_xlpm.sh,CHOOSE(ROUNDUP(_xlpm.grpNo/2,0),"A-B","C-D","E-F","G-H","I-J","K-L"),_xlpm.startRow,IF(ISODD(_xlpm.grpNo),5,29),_xlpm.teamNo,MOD(_xlpm.idx-1,4)+1,_xlpm.counts,CHOOSE(_xlpm.teamNo,INDIRECT("'"&_xlpm.sh&"'!C"&_xlpm.startRow&":C"&(_xlpm.startRow+19)),INDIRECT("'"&_xlpm.sh&"'!F"&_xlpm.startRow&":F"&(_xlpm.startRow+19)),INDIRECT("'"&_xlpm.sh&"'!I"&_xlpm.startRow&":I"&(_xlpm.startRow+19)),INDIRECT("'"&_xlpm.sh&"'!L"&_xlpm.startRow&":L"&(_xlpm.startRow+19))),_xlpm.nums,TRANSPOSE(IFERROR(--_xlpm.counts,0)),_xlpm.codes,Summary!D46:W46,IFERROR(_xlfn.TEXTJOIN(", ",TRUE,_xlfn._xlws.FILTER(_xlpm.codes,_xlpm.nums<1)),""))))))} -> NOR 1, NOR 2, NOR 3, NOR 4, NOR 5, NOR 6, NOR 7, NOR 8, NOR 9, NOR 10, NOR 11, NOR 12, NOR 13, NOR 14, NOR 15, NOR 16, NOR 17, NOR 18, NOR 19, NOR 20
D47: {=IF($C47="","",_xlfn.LET(_xlpm.grp,$A47,_xlpm.sh,CHOOSE(ROUNDUP((CODE(_xlpm.grp)-64)/2,0),"A-B","C-D","E-F","G-H","I-J","K-L"),_xlpm.startRow,IF(ISODD(CODE(_xlpm.grp)-64),5,29),_xlpm.teamNo,COUNTIF($A$3:$A47,_xlpm.grp),_xlpm.counts,CHOOSE(_xlpm.teamNo,INDIRECT("'"&_xlpm.sh&"'!C"&_xlpm.startRow&":C"&(_xlpm.startRow+19)),INDIRECT("'"&_xlpm.sh&"'!F"&_xlpm.startRow&":F"&(_xlpm.startRow+19)),INDIRECT("'"&_xlpm.sh&"'!I"&_xlpm.startRow&":I"&(_xlpm.startRow+19)),INDIRECT("'"&_xlpm.sh&"'!L"&_xlpm.startRow&":L"&(_xlpm.startRow+19))),_xlfn._xlws.FILTER(Summary!D47:W47,TRANSPOSE(IFERROR(--_xlpm.counts,0))<1,"")))}
A48: J | B48: Argentina | C48: ARG | D48: {=IF($B48="Other",_xlfn.LET(_xlpm.num,IFERROR(--Others!$B$3,0),IF(_xlpm.num<1,Summary!D48,"")),IF($C48="FWC",_xlfn.LET(_xlpm.codes,_xlfn._xlws.FILTER(Summary!D48:W48,Summary!D48:W48<>""),_xlpm.nums,TRANSPOSE(IFERROR(--Others!$F$3:$F$21,0)),IFERROR(_xlfn.TEXTJOIN(", ",TRUE,_xlfn._xlws.FILTER(_xlpm.codes,_xlpm.nums<1)),"")),IF($C48="CC",_xlfn.LET(_xlpm.codes,_xlfn._xlws.FILTER(Summary!D48:W48,Summary!D48:W48<>""),_xlpm.nums,TRANSPOSE(IFERROR(--Others!$J$3:$J$14,0)),IFERROR(_xlfn.TEXTJOIN(", ",TRUE,_xlfn._xlws.FILTER(_xlpm.codes,_xlpm.nums<1)),"")),IF($C48="","",_xlfn.LET(_xlpm.idx,COUNTIF($C$3:INDEX($C:$C,ROW()),"<>"),_xlpm.grpNo,ROUNDUP(_xlpm.idx/4,0),_xlpm.sh,CHOOSE(ROUNDUP(_xlpm.grpNo/2,0),"A-B","C-D","E-F","G-H","I-J","K-L"),_xlpm.startRow,IF(ISODD(_xlpm.grpNo),5,29),_xlpm.teamNo,MOD(_xlpm.idx-1,4)+1,_xlpm.counts,CHOOSE(_xlpm.teamNo,INDIRECT("'"&_xlpm.sh&"'!C"&_xlpm.startRow&":C"&(_xlpm.startRow+19)),INDIRECT("'"&_xlpm.sh&"'!F"&_xlpm.startRow&":F"&(_xlpm.startRow+19)),INDIRECT("'"&_xlpm.sh&"'!I"&_xlpm.startRow&":I"&(_xlpm.startRow+19)),INDIRECT("'"&_xlpm.sh&"'!L"&_xlpm.startRow&":L"&(_xlpm.startRow+19))),_xlpm.nums,TRANSPOSE(IFERROR(--_xlpm.counts,0)),_xlpm.codes,Summary!D48:W48,IFERROR(_xlfn.TEXTJOIN(", ",TRUE,_xlfn._xlws.FILTER(_xlpm.codes,_xlpm.nums<1)),""))))))} -> ARG 1, ARG 2, ARG 3, ARG 4, ARG 5, ARG 6, ARG 7, ARG 8, ARG 9, ARG 10, ARG 11, ARG 12, ARG 13, ARG 14, ARG 15, ARG 16, ARG 17, ARG 18, ARG 19, ARG 20
A49: J | B49: Algeria | C49: ALG | D49: {=IF($B49="Other",_xlfn.LET(_xlpm.num,IFERROR(--Others!$B$3,0),IF(_xlpm.num<1,Summary!D49,"")),IF($C49="FWC",_xlfn.LET(_xlpm.codes,_xlfn._xlws.FILTER(Summary!D49:W49,Summary!D49:W49<>""),_xlpm.nums,TRANSPOSE(IFERROR(--Others!$F$3:$F$21,0)),IFERROR(_xlfn.TEXTJOIN(", ",TRUE,_xlfn._xlws.FILTER(_xlpm.codes,_xlpm.nums<1)),"")),IF($C49="CC",_xlfn.LET(_xlpm.codes,_xlfn._xlws.FILTER(Summary!D49:W49,Summary!D49:W49<>""),_xlpm.nums,TRANSPOSE(IFERROR(--Others!$J$3:$J$14,0)),IFERROR(_xlfn.TEXTJOIN(", ",TRUE,_xlfn._xlws.FILTER(_xlpm.codes,_xlpm.nums<1)),"")),IF($C49="","",_xlfn.LET(_xlpm.idx,COUNTIF($C$3:INDEX($C:$C,ROW()),"<>"),_xlpm.grpNo,ROUNDUP(_xlpm.idx/4,0),_xlpm.sh,CHOOSE(ROUNDUP(_xlpm.grpNo/2,0),"A-B","C-D","E-F","G-H","I-J","K-L"),_xlpm.startRow,IF(ISODD(_xlpm.grpNo),5,29),_xlpm.teamNo,MOD(_xlpm.idx-1,4)+1,_xlpm.counts,CHOOSE(_xlpm.teamNo,INDIRECT("'"&_xlpm.sh&"'!C"&_xlpm.startRow&":C"&(_xlpm.startRow+19)),INDIRECT("'"&_xlpm.sh&"'!F"&_xlpm.startRow&":F"&(_xlpm.startRow+19)),INDIRECT("'"&_xlpm.sh&"'!I"&_xlpm.startRow&":I"&(_xlpm.startRow+19)),INDIRECT("'"&_xlpm.sh&"'!L"&_xlpm.startRow&":L"&(_xlpm.startRow+19))),_xlpm.nums,TRANSPOSE(IFERROR(--_xlpm.counts,0)),_xlpm.codes,Summary!D49:W49,IFERROR(_xlfn.TEXTJOIN(", ",TRUE,_xlfn._xlws.FILTER(_xlpm.codes,_xlpm.nums<1)),""))))))} -> ALG 1, ALG 2, ALG 3, ALG 4, ALG 5, ALG 6, ALG 7, ALG 8, ALG 9, ALG 10, ALG 11, ALG 12, ALG 13, ALG 14, ALG 15, ALG 16, ALG 17, ALG 18, ALG 19, ALG 20
A50: J | B50: Austria | C50: AUT | D50: {=IF($B50="Other",_xlfn.LET(_xlpm.num,IFERROR(--Others!$B$3,0),IF(_xlpm.num<1,Summary!D50,"")),IF($C50="FWC",_xlfn.LET(_xlpm.codes,_xlfn._xlws.FILTER(Summary!D50:W50,Summary!D50:W50<>""),_xlpm.nums,TRANSPOSE(IFERROR(--Others!$F$3:$F$21,0)),IFERROR(_xlfn.TEXTJOIN(", ",TRUE,_xlfn._xlws.FILTER(_xlpm.codes,_xlpm.nums<1)),"")),IF($C50="CC",_xlfn.LET(_xlpm.codes,_xlfn._xlws.FILTER(Summary!D50:W50,Summary!D50:W50<>""),_xlpm.nums,TRANSPOSE(IFERROR(--Others!$J$3:$J$14,0)),IFERROR(_xlfn.TEXTJOIN(", ",TRUE,_xlfn._xlws.FILTER(_xlpm.codes,_xlpm.nums<1)),"")),IF($C50="","",_xlfn.LET(_xlpm.idx,COUNTIF($C$3:INDEX($C:$C,ROW()),"<>"),_xlpm.grpNo,ROUNDUP(_xlpm.idx/4,0),_xlpm.sh,CHOOSE(ROUNDUP(_xlpm.grpNo/2,0),"A-B","C-D","E-F","G-H","I-J","K-L"),_xlpm.startRow,IF(ISODD(_xlpm.grpNo),5,29),_xlpm.teamNo,MOD(_xlpm.idx-1,4)+1,_xlpm.counts,CHOOSE(_xlpm.teamNo,INDIRECT("'"&_xlpm.sh&"'!C"&_xlpm.startRow&":C"&(_xlpm.startRow+19)),INDIRECT("'"&_xlpm.sh&"'!F"&_xlpm.startRow&":F"&(_xlpm.startRow+19)),INDIRECT("'"&_xlpm.sh&"'!I"&_xlpm.startRow&":I"&(_xlpm.startRow+19)),INDIRECT("'"&_xlpm.sh&"'!L"&_xlpm.startRow&":L"&(_xlpm.startRow+19))),_xlpm.nums,TRANSPOSE(IFERROR(--_xlpm.counts,0)),_xlpm.codes,Summary!D50:W50,IFERROR(_xlfn.TEXTJOIN(", ",TRUE,_xlfn._xlws.FILTER(_xlpm.codes,_xlpm.nums<1)),""))))))} -> AUT 1, AUT 2, AUT 3, AUT 4, AUT 5, AUT 6, AUT 7, AUT 8, AUT 9, AUT 10, AUT 11, AUT 12, AUT 13, AUT 14, AUT 15, AUT 16, AUT 17, AUT 18, AUT 19, AUT 20
A51: J | B51: Jordan | C51: JOR | D51: {=IF($B51="Other",_xlfn.LET(_xlpm.num,IFERROR(--Others!$B$3,0),IF(_xlpm.num<1,Summary!D51,"")),IF($C51="FWC",_xlfn.LET(_xlpm.codes,_xlfn._xlws.FILTER(Summary!D51:W51,Summary!D51:W51<>""),_xlpm.nums,TRANSPOSE(IFERROR(--Others!$F$3:$F$21,0)),IFERROR(_xlfn.TEXTJOIN(", ",TRUE,_xlfn._xlws.FILTER(_xlpm.codes,_xlpm.nums<1)),"")),IF($C51="CC",_xlfn.LET(_xlpm.codes,_xlfn._xlws.FILTER(Summary!D51:W51,Summary!D51:W51<>""),_xlpm.nums,TRANSPOSE(IFERROR(--Others!$J$3:$J$14,0)),IFERROR(_xlfn.TEXTJOIN(", ",TRUE,_xlfn._xlws.FILTER(_xlpm.codes,_xlpm.nums<1)),"")),IF($C51="","",_xlfn.LET(_xlpm.idx,COUNTIF($C$3:INDEX($C:$C,ROW()),"<>"),_xlpm.grpNo,ROUNDUP(_xlpm.idx/4,0),_xlpm.sh,CHOOSE(ROUNDUP(_xlpm.grpNo/2,0),"A-B","C-D","E-F","G-H","I-J","K-L"),_xlpm.startRow,IF(ISODD(_xlpm.grpNo),5,29),_xlpm.teamNo,MOD(_xlpm.idx-1,4)+1,_xlpm.counts,CHOOSE(_xlpm.teamNo,INDIRECT("'"&_xlpm.sh&"'!C"&_xlpm.startRow&":C"&(_xlpm.startRow+19)),INDIRECT("'"&_xlpm.sh&"'!F"&_xlpm.startRow&":F"&(_xlpm.startRow+19)),INDIRECT("'"&_xlpm.sh&"'!I"&_xlpm.startRow&":I"&(_xlpm.startRow+19)),INDIRECT("'"&_xlpm.sh&"'!L"&_xlpm.startRow&":L"&(_xlpm.startRow+19))),_xlpm.nums,TRANSPOSE(IFERROR(--_xlpm.counts,0)),_xlpm.codes,Summary!D51:W51,IFERROR(_xlfn.TEXTJOIN(", ",TRUE,_xlfn._xlws.FILTER(_xlpm.codes,_xlpm.nums<1)),""))))))} -> JOR 1, JOR 2, JOR 3, JOR 4, JOR 5, JOR 6, JOR 7, JOR 8, JOR 9, JOR 10, JOR 11, JOR 12, JOR 13, JOR 14, JOR 15, JOR 16, JOR 17, JOR 18, JOR 19, JOR 20
D52: {=IF($C52="","",_xlfn.LET(_xlpm.grp,$A52,_xlpm.sh,CHOOSE(ROUNDUP((CODE(_xlpm.grp)-64)/2,0),"A-B","C-D","E-F","G-H","I-J","K-L"),_xlpm.startRow,IF(ISODD(CODE(_xlpm.grp)-64),5,29),_xlpm.teamNo,COUNTIF($A$3:$A52,_xlpm.grp),_xlpm.counts,CHOOSE(_xlpm.teamNo,INDIRECT("'"&_xlpm.sh&"'!C"&_xlpm.startRow&":C"&(_xlpm.startRow+19)),INDIRECT("'"&_xlpm.sh&"'!F"&_xlpm.startRow&":F"&(_xlpm.startRow+19)),INDIRECT("'"&_xlpm.sh&"'!I"&_xlpm.startRow&":I"&(_xlpm.startRow+19)),INDIRECT("'"&_xlpm.sh&"'!L"&_xlpm.startRow&":L"&(_xlpm.startRow+19))),_xlfn._xlws.FILTER(Summary!D52:W52,TRANSPOSE(IFERROR(--_xlpm.counts,0))<1,"")))}
A53: K | B53: Portugal | C53: POR | D53: {=IF($B53="Other",_xlfn.LET(_xlpm.num,IFERROR(--Others!$B$3,0),IF(_xlpm.num<1,Summary!D53,"")),IF($C53="FWC",_xlfn.LET(_xlpm.codes,_xlfn._xlws.FILTER(Summary!D53:W53,Summary!D53:W53<>""),_xlpm.nums,TRANSPOSE(IFERROR(--Others!$F$3:$F$21,0)),IFERROR(_xlfn.TEXTJOIN(", ",TRUE,_xlfn._xlws.FILTER(_xlpm.codes,_xlpm.nums<1)),"")),IF($C53="CC",_xlfn.LET(_xlpm.codes,_xlfn._xlws.FILTER(Summary!D53:W53,Summary!D53:W53<>""),_xlpm.nums,TRANSPOSE(IFERROR(--Others!$J$3:$J$14,0)),IFERROR(_xlfn.TEXTJOIN(", ",TRUE,_xlfn._xlws.FILTER(_xlpm.codes,_xlpm.nums<1)),"")),IF($C53="","",_xlfn.LET(_xlpm.idx,COUNTIF($C$3:INDEX($C:$C,ROW()),"<>"),_xlpm.grpNo,ROUNDUP(_xlpm.idx/4,0),_xlpm.sh,CHOOSE(ROUNDUP(_xlpm.grpNo/2,0),"A-B","C-D","E-F","G-H","I-J","K-L"),_xlpm.startRow,IF(ISODD(_xlpm.grpNo),5,29),_xlpm.teamNo,MOD(_xlpm.idx-1,4)+1,_xlpm.counts,CHOOSE(_xlpm.teamNo,INDIRECT("'"&_xlpm.sh&"'!C"&_xlpm.startRow&":C"&(_xlpm.startRow+19)),INDIRECT("'"&_xlpm.sh&"'!F"&_xlpm.startRow&":F"&(_xlpm.startRow+19)),INDIRECT("'"&_xlpm.sh&"'!I"&_xlpm.startRow&":I"&(_xlpm.startRow+19)),INDIRECT("'"&_xlpm.sh&"'!L"&_xlpm.startRow&":L"&(_xlpm.startRow+19))),_xlpm.nums,TRANSPOSE(IFERROR(--_xlpm.counts,0)),_xlpm.codes,Summary!D53:W53,IFERROR(_xlfn.TEXTJOIN(", ",TRUE,_xlfn._xlws.FILTER(_xlpm.codes,_xlpm.nums<1)),""))))))} -> POR 1, POR 2, POR 3, POR 4, POR 5, POR 6, POR 7, POR 8, POR 9, POR 10, POR 11, POR 12, POR 13, POR 14, POR 15, POR 16, POR 17, POR 18, POR 19, POR 20
A54: K | B54: Congo DR | C54: COD | D54: {=IF($B54="Other",_xlfn.LET(_xlpm.num,IFERROR(--Others!$B$3,0),IF(_xlpm.num<1,Summary!D54,"")),IF($C54="FWC",_xlfn.LET(_xlpm.codes,_xlfn._xlws.FILTER(Summary!D54:W54,Summary!D54:W54<>""),_xlpm.nums,TRANSPOSE(IFERROR(--Others!$F$3:$F$21,0)),IFERROR(_xlfn.TEXTJOIN(", ",TRUE,_xlfn._xlws.FILTER(_xlpm.codes,_xlpm.nums<1)),"")),IF($C54="CC",_xlfn.LET(_xlpm.codes,_xlfn._xlws.FILTER(Summary!D54:W54,Summary!D54:W54<>""),_xlpm.nums,TRANSPOSE(IFERROR(--Others!$J$3:$J$14,0)),IFERROR(_xlfn.TEXTJOIN(", ",TRUE,_xlfn._xlws.FILTER(_xlpm.codes,_xlpm.nums<1)),"")),IF($C54="","",_xlfn.LET(_xlpm.idx,COUNTIF($C$3:INDEX($C:$C,ROW()),"<>"),_xlpm.grpNo,ROUNDUP(_xlpm.idx/4,0),_xlpm.sh,CHOOSE(ROUNDUP(_xlpm.grpNo/2,0),"A-B","C-D","E-F","G-H","I-J","K-L"),_xlpm.startRow,IF(ISODD(_xlpm.grpNo),5,29),_xlpm.teamNo,MOD(_xlpm.idx-1,4)+1,_xlpm.counts,CHOOSE(_xlpm.teamNo,INDIRECT("'"&_xlpm.sh&"'!C"&_xlpm.startRow&":C"&(_xlpm.startRow+19)),INDIRECT("'"&_xlpm.sh&"'!F"&_xlpm.startRow&":F"&(_xlpm.startRow+19)),INDIRECT("'"&_xlpm.sh&"'!I"&_xlpm.startRow&":I"&(_xlpm.startRow+19)),INDIRECT("'"&_xlpm.sh&"'!L"&_xlpm.startRow&":L"&(_xlpm.startRow+19))),_xlpm.nums,TRANSPOSE(IFERROR(--_xlpm.counts,0)),_xlpm.codes,Summary!D54:W54,IFERROR(_xlfn.TEXTJOIN(", ",TRUE,_xlfn._xlws.FILTER(_xlpm.codes,_xlpm.nums<1)),""))))))} -> COD 1, COD 2, COD 3, COD 4, COD 5, COD 6, COD 7, COD 8, COD 9, COD 10, COD 11, COD 12, COD 13, COD 14, COD 15, COD 16, COD 17, COD 18, COD 19, COD 20
A55: K | B55: Uzbekistan | C55: UZB | D55: {=IF($B55="Other",_xlfn.LET(_xlpm.num,IFERROR(--Others!$B$3,0),IF(_xlpm.num<1,Summary!D55,"")),IF($C55="FWC",_xlfn.LET(_xlpm.codes,_xlfn._xlws.FILTER(Summary!D55:W55,Summary!D55:W55<>""),_xlpm.nums,TRANSPOSE(IFERROR(--Others!$F$3:$F$21,0)),IFERROR(_xlfn.TEXTJOIN(", ",TRUE,_xlfn._xlws.FILTER(_xlpm.codes,_xlpm.nums<1)),"")),IF($C55="CC",_xlfn.LET(_xlpm.codes,_xlfn._xlws.FILTER(Summary!D55:W55,Summary!D55:W55<>""),_xlpm.nums,TRANSPOSE(IFERROR(--Others!$J$3:$J$14,0)),IFERROR(_xlfn.TEXTJOIN(", ",TRUE,_xlfn._xlws.FILTER(_xlpm.codes,_xlpm.nums<1)),"")),IF($C55="","",_xlfn.LET(_xlpm.idx,COUNTIF($C$3:INDEX($C:$C,ROW()),"<>"),_xlpm.grpNo,ROUNDUP(_xlpm.idx/4,0),_xlpm.sh,CHOOSE(ROUNDUP(_xlpm.grpNo/2,0),"A-B","C-D","E-F","G-H","I-J","K-L"),_xlpm.startRow,IF(ISODD(_xlpm.grpNo),5,29),_xlpm.teamNo,MOD(_xlpm.idx-1,4)+1,_xlpm.counts,CHOOSE(_xlpm.teamNo,INDIRECT("'"&_xlpm.sh&"'!C"&_xlpm.startRow&":C"&(_xlpm.startRow+19)),INDIRECT("'"&_xlpm.sh&"'!F"&_xlpm.startRow&":F"&(_xlpm.startRow+19)),INDIRECT("'"&_xlpm.sh&"'!I"&_xlpm.startRow&":I"&(_xlpm.startRow+19)),INDIRECT("'"&_xlpm.sh&"'!L"&_xlpm.startRow&":L"&(_xlpm.startRow+19))),_xlpm.nums,TRANSPOSE(IFERROR(--_xlpm.counts,0)),_xlpm.codes,Summary!D55:W55,IFERROR(_xlfn.TEXTJOIN(", ",TRUE,_xlfn._xlws.FILTER(_xlpm.codes,_xlpm.nums<1)),""))))))} -> UZB 1, UZB 2, UZB 3, UZB 4, UZB 5, UZB 6, UZB 7, UZB 8, UZB 9, UZB 10, UZB 11, UZB 12, UZB 13, UZB 14, UZB 15, UZB 16, UZB 17, UZB 18, UZB 19, UZB 20
A56: K | B56: Colombia | C56: COL | D56: {=IF($B56="Other",_xlfn.LET(_xlpm.num,IFERROR(--Others!$B$3,0),IF(_xlpm.num<1,Summary!D56,"")),IF($C56="FWC",_xlfn.LET(_xlpm.codes,_xlfn._xlws.FILTER(Summary!D56:W56,Summary!D56:W56<>""),_xlpm.nums,TRANSPOSE(IFERROR(--Others!$F$3:$F$21,0)),IFERROR(_xlfn.TEXTJOIN(", ",TRUE,_xlfn._xlws.FILTER(_xlpm.codes,_xlpm.nums<1)),"")),IF($C56="CC",_xlfn.LET(_xlpm.codes,_xlfn._xlws.FILTER(Summary!D56:W56,Summary!D56:W56<>""),_xlpm.nums,TRANSPOSE(IFERROR(--Others!$J$3:$J$14,0)),IFERROR(_xlfn.TEXTJOIN(", ",TRUE,_xlfn._xlws.FILTER(_xlpm.codes,_xlpm.nums<1)),"")),IF($C56="","",_xlfn.LET(_xlpm.idx,COUNTIF($C$3:INDEX($C:$C,ROW()),"<>"),_xlpm.grpNo,ROUNDUP(_xlpm.idx/4,0),_xlpm.sh,CHOOSE(ROUNDUP(_xlpm.grpNo/2,0),"A-B","C-D","E-F","G-H","I-J","K-L"),_xlpm.startRow,IF(ISODD(_xlpm.grpNo),5,29),_xlpm.teamNo,MOD(_xlpm.idx-1,4)+1,_xlpm.counts,CHOOSE(_xlpm.teamNo,INDIRECT("'"&_xlpm.sh&"'!C"&_xlpm.startRow&":C"&(_xlpm.startRow+19)),INDIRECT("'"&_xlpm.sh&"'!F"&_xlpm.startRow&":F"&(_xlpm.startRow+19)),INDIRECT("'"&_xlpm.sh&"'!I"&_xlpm.startRow&":I"&(_xlpm.startRow+19)),INDIRECT("'"&_xlpm.sh&"'!L"&_xlpm.startRow&":L"&(_xlpm.startRow+19))),_xlpm.nums,TRANSPOSE(IFERROR(--_xlpm.counts,0)),_xlpm.codes,Summary!D56:W56,IFERROR(_xlfn.TEXTJOIN(", ",TRUE,_xlfn._xlws.FILTER(_xlpm.codes,_xlpm.nums<1)),""))))))} -> COL 1, COL 2, COL 3, COL 4, COL 5, COL 6, COL 7, COL 8, COL 9, COL 10, COL 11, COL 12, COL 13, COL 14, COL 15, COL 16, COL 17, COL 18, COL 19, COL 20
D57: {=IF($C57="","",_xlfn.LET(_xlpm.grp,$A57,_xlpm.sh,CHOOSE(ROUNDUP((CODE(_xlpm.grp)-64)/2,0),"A-B","C-D","E-F","G-H","I-J","K-L"),_xlpm.startRow,IF(ISODD(CODE(_xlpm.grp)-64),5,29),_xlpm.teamNo,COUNTIF($A$3:$A57,_xlpm.grp),_xlpm.counts,CHOOSE(_xlpm.teamNo,INDIRECT("'"&_xlpm.sh&"'!C"&_xlpm.startRow&":C"&(_xlpm.startRow+19)),INDIRECT("'"&_xlpm.sh&"'!F"&_xlpm.startRow&":F"&(_xlpm.startRow+19)),INDIRECT("'"&_xlpm.sh&"'!I"&_xlpm.startRow&":I"&(_xlpm.startRow+19)),INDIRECT("'"&_xlpm.sh&"'!L"&_xlpm.startRow&":L"&(_xlpm.startRow+19))),_xlfn._xlws.FILTER(Summary!D57:W57,TRANSPOSE(IFERROR(--_xlpm.counts,0))<1,"")))}
A58: L | B58: England | C58: ENG | D58: {=IF($B58="Other",_xlfn.LET(_xlpm.num,IFERROR(--Others!$B$3,0),IF(_xlpm.num<1,Summary!D58,"")),IF($C58="FWC",_xlfn.LET(_xlpm.codes,_xlfn._xlws.FILTER(Summary!D58:W58,Summary!D58:W58<>""),_xlpm.nums,TRANSPOSE(IFERROR(--Others!$F$3:$F$21,0)),IFERROR(_xlfn.TEXTJOIN(", ",TRUE,_xlfn._xlws.FILTER(_xlpm.codes,_xlpm.nums<1)),"")),IF($C58="CC",_xlfn.LET(_xlpm.codes,_xlfn._xlws.FILTER(Summary!D58:W58,Summary!D58:W58<>""),_xlpm.nums,TRANSPOSE(IFERROR(--Others!$J$3:$J$14,0)),IFERROR(_xlfn.TEXTJOIN(", ",TRUE,_xlfn._xlws.FILTER(_xlpm.codes,_xlpm.nums<1)),"")),IF($C58="","",_xlfn.LET(_xlpm.idx,COUNTIF($C$3:INDEX($C:$C,ROW()),"<>"),_xlpm.grpNo,ROUNDUP(_xlpm.idx/4,0),_xlpm.sh,CHOOSE(ROUNDUP(_xlpm.grpNo/2,0),"A-B","C-D","E-F","G-H","I-J","K-L"),_xlpm.startRow,IF(ISODD(_xlpm.grpNo),5,29),_xlpm.teamNo,MOD(_xlpm.idx-1,4)+1,_xlpm.counts,CHOOSE(_xlpm.teamNo,INDIRECT("'"&_xlpm.sh&"'!C"&_xlpm.startRow&":C"&(_xlpm.startRow+19)),INDIRECT("'"&_xlpm.sh&"'!F"&_xlpm.startRow&":F"&(_xlpm.startRow+19)),INDIRECT("'"&_xlpm.sh&"'!I"&_xlpm.startRow&":I"&(_xlpm.startRow+19)),INDIRECT("'"&_xlpm.sh&"'!L"&_xlpm.startRow&":L"&(_xlpm.startRow+19))),_xlpm.nums,TRANSPOSE(IFERROR(--_xlpm.counts,0)),_xlpm.codes,Summary!D58:W58,IFERROR(_xlfn.TEXTJOIN(", ",TRUE,_xlfn._xlws.FILTER(_xlpm.codes,_xlpm.nums<1)),""))))))} -> ENG 1, ENG 2, ENG 3, ENG 4, ENG 5, ENG 6, ENG 7, ENG 8, ENG 9, ENG 10, ENG 11, ENG 12, ENG 13, ENG 14, ENG 15, ENG 16, ENG 17, ENG 18, ENG 19, ENG 20
A59: L | B59: Croatia | C59: CRO | D59: {=IF($B59="Other",_xlfn.LET(_xlpm.num,IFERROR(--Others!$B$3,0),IF(_xlpm.num<1,Summary!D59,"")),IF($C59="FWC",_xlfn.LET(_xlpm.codes,_xlfn._xlws.FILTER(Summary!D59:W59,Summary!D59:W59<>""),_xlpm.nums,TRANSPOSE(IFERROR(--Others!$F$3:$F$21,0)),IFERROR(_xlfn.TEXTJOIN(", ",TRUE,_xlfn._xlws.FILTER(_xlpm.codes,_xlpm.nums<1)),"")),IF($C59="CC",_xlfn.LET(_xlpm.codes,_xlfn._xlws.FILTER(Summary!D59:W59,Summary!D59:W59<>""),_xlpm.nums,TRANSPOSE(IFERROR(--Others!$J$3:$J$14,0)),IFERROR(_xlfn.TEXTJOIN(", ",TRUE,_xlfn._xlws.FILTER(_xlpm.codes,_xlpm.nums<1)),"")),IF($C59="","",_xlfn.LET(_xlpm.idx,COUNTIF($C$3:INDEX($C:$C,ROW()),"<>"),_xlpm.grpNo,ROUNDUP(_xlpm.idx/4,0),_xlpm.sh,CHOOSE(ROUNDUP(_xlpm.grpNo/2,0),"A-B","C-D","E-F","G-H","I-J","K-L"),_xlpm.startRow,IF(ISODD(_xlpm.grpNo),5,29),_xlpm.teamNo,MOD(_xlpm.idx-1,4)+1,_xlpm.counts,CHOOSE(_xlpm.teamNo,INDIRECT("'"&_xlpm.sh&"'!C"&_xlpm.startRow&":C"&(_xlpm.startRow+19)),INDIRECT("'"&_xlpm.sh&"'!F"&_xlpm.startRow&":F"&(_xlpm.startRow+19)),INDIRECT("'"&_xlpm.sh&"'!I"&_xlpm.startRow&":I"&(_xlpm.startRow+19)),INDIRECT("'"&_xlpm.sh&"'!L"&_xlpm.startRow&":L"&(_xlpm.startRow+19))),_xlpm.nums,TRANSPOSE(IFERROR(--_xlpm.counts,0)),_xlpm.codes,Summary!D59:W59,IFERROR(_xlfn.TEXTJOIN(", ",TRUE,_xlfn._xlws.FILTER(_xlpm.codes,_xlpm.nums<1)),""))))))} -> CRO 1, CRO 2, CRO 3, CRO 4, CRO 5, CRO 6, CRO 7, CRO 8, CRO 9, CRO 10, CRO 11, CRO 12, CRO 13, CRO 14, CRO 15, CRO 16, CRO 17, CRO 18, CRO 19, CRO 20
A60: L | B60: Ghana | C60: GHA | D60: {=IF($B60="Other",_xlfn.LET(_xlpm.num,IFERROR(--Others!$B$3,0),IF(_xlpm.num<1,Summary!D60,"")),IF($C60="FWC",_xlfn.LET(_xlpm.codes,_xlfn._xlws.FILTER(Summary!D60:W60,Summary!D60:W60<>""),_xlpm.nums,TRANSPOSE(IFERROR(--Others!$F$3:$F$21,0)),IFERROR(_xlfn.TEXTJOIN(", ",TRUE,_xlfn._xlws.FILTER(_xlpm.codes,_xlpm.nums<1)),"")),IF($C60="CC",_xlfn.LET(_xlpm.codes,_xlfn._xlws.FILTER(Summary!D60:W60,Summary!D60:W60<>""),_xlpm.nums,TRANSPOSE(IFERROR(--Others!$J$3:$J$14,0)),IFERROR(_xlfn.TEXTJOIN(", ",TRUE,_xlfn._xlws.FILTER(_xlpm.codes,_xlpm.nums<1)),"")),IF($C60="","",_xlfn.LET(_xlpm.idx,COUNTIF($C$3:INDEX($C:$C,ROW()),"<>"),_xlpm.grpNo,ROUNDUP(_xlpm.idx/4,0),_xlpm.sh,CHOOSE(ROUNDUP(_xlpm.grpNo/2,0),"A-B","C-D","E-F","G-H","I-J","K-L"),_xlpm.startRow,IF(ISODD(_xlpm.grpNo),5,29),_xlpm.teamNo,MOD(_xlpm.idx-1,4)+1,_xlpm.counts,CHOOSE(_xlpm.teamNo,INDIRECT("'"&_xlpm.sh&"'!C"&_xlpm.startRow&":C"&(_xlpm.startRow+19)),INDIRECT("'"&_xlpm.sh&"'!F"&_xlpm.startRow&":F"&(_xlpm.startRow+19)),INDIRECT("'"&_xlpm.sh&"'!I"&_xlpm.startRow&":I"&(_xlpm.startRow+19)),INDIRECT("'"&_xlpm.sh&"'!L"&_xlpm.startRow&":L"&(_xlpm.startRow+19))),_xlpm.nums,TRANSPOSE(IFERROR(--_xlpm.counts,0)),_xlpm.codes,Summary!D60:W60,IFERROR(_xlfn.TEXTJOIN(", ",TRUE,_xlfn._xlws.FILTER(_xlpm.codes,_xlpm.nums<1)),""))))))} -> GHA 1, GHA 2, GHA 3, GHA 4, GHA 5, GHA 7, GHA 8, GHA 9, GHA 10, GHA 11, GHA 12, GHA 13, GHA 14, GHA 15, GHA 16, GHA 17, GHA 18, GHA 19, GHA 20
A61: L | B61: Panama | C61: PAN | D61: {=IF($B61="Other",_xlfn.LET(_xlpm.num,IFERROR(--Others!$B$3,0),IF(_xlpm.num<1,Summary!D61,"")),IF($C61="FWC",_xlfn.LET(_xlpm.codes,_xlfn._xlws.FILTER(Summary!D61:W61,Summary!D61:W61<>""),_xlpm.nums,TRANSPOSE(IFERROR(--Others!$F$3:$F$21,0)),IFERROR(_xlfn.TEXTJOIN(", ",TRUE,_xlfn._xlws.FILTER(_xlpm.codes,_xlpm.nums<1)),"")),IF($C61="CC",_xlfn.LET(_xlpm.codes,_xlfn._xlws.FILTER(Summary!D61:W61,Summary!D61:W61<>""),_xlpm.nums,TRANSPOSE(IFERROR(--Others!$J$3:$J$14,0)),IFERROR(_xlfn.TEXTJOIN(", ",TRUE,_xlfn._xlws.FILTER(_xlpm.codes,_xlpm.nums<1)),"")),IF($C61="","",_xlfn.LET(_xlpm.idx,COUNTIF($C$3:INDEX($C:$C,ROW()),"<>"),_xlpm.grpNo,ROUNDUP(_xlpm.idx/4,0),_xlpm.sh,CHOOSE(ROUNDUP(_xlpm.grpNo/2,0),"A-B","C-D","E-F","G-H","I-J","K-L"),_xlpm.startRow,IF(ISODD(_xlpm.grpNo),5,29),_xlpm.teamNo,MOD(_xlpm.idx-1,4)+1,_xlpm.counts,CHOOSE(_xlpm.teamNo,INDIRECT("'"&_xlpm.sh&"'!C"&_xlpm.startRow&":C"&(_xlpm.startRow+19)),INDIRECT("'"&_xlpm.sh&"'!F"&_xlpm.startRow&":F"&(_xlpm.startRow+19)),INDIRECT("'"&_xlpm.sh&"'!I"&_xlpm.startRow&":I"&(_xlpm.startRow+19)),INDIRECT("'"&_xlpm.sh&"'!L"&_xlpm.startRow&":L"&(_xlpm.startRow+19))),_xlpm.nums,TRANSPOSE(IFERROR(--_xlpm.counts,0)),_xlpm.codes,Summary!D61:W61,IFERROR(_xlfn.TEXTJOIN(", ",TRUE,_xlfn._xlws.FILTER(_xlpm.codes,_xlpm.nums<1)),""))))))} -> PAN 1, PAN 2, PAN 3, PAN 4, PAN 5, PAN 6, PAN 7, PAN 8, PAN 9, PAN 10, PAN 11, PAN 12, PAN 13, PAN 14, PAN 15, PAN 16, PAN 17, PAN 18, PAN 19, PAN 20
B63: Other | C63: 00 | D63: {=IF($B63="Other",_xlfn.LET(_xlpm.num,IFERROR(--Others!$B$3,0),IF(_xlpm.num<1,Summary!D63,"")),IF($C63="FWC",_xlfn.LET(_xlpm.codes,_xlfn._xlws.FILTER(Summary!D63:W63,Summary!D63:W63<>""),_xlpm.nums,TRANSPOSE(IFERROR(--Others!$F$3:$F$21,0)),IFERROR(_xlfn.TEXTJOIN(", ",TRUE,_xlfn._xlws.FILTER(_xlpm.codes,_xlpm.nums<1)),"")),IF($C63="CC",_xlfn.LET(_xlpm.codes,_xlfn._xlws.FILTER(Summary!D63:W63,Summary!D63:W63<>""),_xlpm.nums,TRANSPOSE(IFERROR(--Others!$J$3:$J$14,0)),IFERROR(_xlfn.TEXTJOIN(", ",TRUE,_xlfn._xlws.FILTER(_xlpm.codes,_xlpm.nums<1)),"")),IF($C63="","",_xlfn.LET(_xlpm.idx,COUNTIF($C$3:INDEX($C:$C,ROW()),"<>"),_xlpm.grpNo,ROUNDUP(_xlpm.idx/4,0),_xlpm.sh,CHOOSE(ROUNDUP(_xlpm.grpNo/2,0),"A-B","C-D","E-F","G-H","I-J","K-L"),_xlpm.startRow,IF(ISODD(_xlpm.grpNo),5,29),_xlpm.teamNo,MOD(_xlpm.idx-1,4)+1,_xlpm.counts,CHOOSE(_xlpm.teamNo,INDIRECT("'"&_xlpm.sh&"'!C"&_xlpm.startRow&":C"&(_xlpm.startRow+19)),INDIRECT("'"&_xlpm.sh&"'!F"&_xlpm.startRow&":F"&(_xlpm.startRow+19)),INDIRECT("'"&_xlpm.sh&"'!I"&_xlpm.startRow&":I"&(_xlpm.startRow+19)),INDIRECT("'"&_xlpm.sh&"'!L"&_xlpm.startRow&":L"&(_xlpm.startRow+19))),_xlpm.nums,TRANSPOSE(IFERROR(--_xlpm.counts,0)),_xlpm.codes,Summary!D63:W63,IFERROR(_xlfn.TEXTJOIN(", ",TRUE,_xlfn._xlws.FILTER(_xlpm.codes,_xlpm.nums<1)),""))))))} -> 00
B64: FIFA World Cup History | C64: FWC | D64: {=IF($B64="Other",_xlfn.LET(_xlpm.num,IFERROR(--Others!$B$3,0),IF(_xlpm.num<1,Summary!D64,"")),IF($C64="FWC",_xlfn.LET(_xlpm.codes,_xlfn._xlws.FILTER(Summary!D64:W64,Summary!D64:W64<>""),_xlpm.nums,TRANSPOSE(IFERROR(--Others!$F$3:$F$21,0)),IFERROR(_xlfn.TEXTJOIN(", ",TRUE,_xlfn._xlws.FILTER(_xlpm.codes,_xlpm.nums<1)),"")),IF($C64="CC",_xlfn.LET(_xlpm.codes,_xlfn._xlws.FILTER(Summary!D64:W64,Summary!D64:W64<>""),_xlpm.nums,TRANSPOSE(IFERROR(--Others!$J$3:$J$14,0)),IFERROR(_xlfn.TEXTJOIN(", ",TRUE,_xlfn._xlws.FILTER(_xlpm.codes,_xlpm.nums<1)),"")),IF($C64="","",_xlfn.LET(_xlpm.idx,COUNTIF($C$3:INDEX($C:$C,ROW()),"<>"),_xlpm.grpNo,ROUNDUP(_xlpm.idx/4,0),_xlpm.sh,CHOOSE(ROUNDUP(_xlpm.grpNo/2,0),"A-B","C-D","E-F","G-H","I-J","K-L"),_xlpm.startRow,IF(ISODD(_xlpm.grpNo),5,29),_xlpm.teamNo,MOD(_xlpm.idx-1,4)+1,_xlpm.counts,CHOOSE(_xlpm.teamNo,INDIRECT("'"&_xlpm.sh&"'!C"&_xlpm.startRow&":C"&(_xlpm.startRow+19)),INDIRECT("'"&_xlpm.sh&"'!F"&_xlpm.startRow&":F"&(_xlpm.startRow+19)),INDIRECT("'"&_xlpm.sh&"'!I"&_xlpm.startRow&":I"&(_xlpm.startRow+19)),INDIRECT("'"&_xlpm.sh&"'!L"&_xlpm.startRow&":L"&(_xlpm.startRow+19))),_xlpm.nums,TRANSPOSE(IFERROR(--_xlpm.counts,0)),_xlpm.codes,Summary!D64:W64,IFERROR(_xlfn.TEXTJOIN(", ",TRUE,_xlfn._xlws.FILTER(_xlpm.codes,_xlpm.nums<1)),""))))))} -> FWC 1, FWC 2, FWC 3, FWC 4, FWC 5, FWC 6, FWC 7, FWC 8, FWC 9, FWC 10, FWC 11, FWC 12, FWC 13, FWC 14, FWC 15, FWC 16, FWC 17, FWC 18, FWC 19
B65: Coca-Cola | C65: CC | D65: {=IF($B65="Other",_xlfn.LET(_xlpm.num,IFERROR(--Others!$B$3,0),IF(_xlpm.num<1,Summary!D65,"")),IF($C65="FWC",_xlfn.LET(_xlpm.codes,_xlfn._xlws.FILTER(Summary!D65:W65,Summary!D65:W65<>""),_xlpm.nums,TRANSPOSE(IFERROR(--Others!$F$3:$F$21,0)),IFERROR(_xlfn.TEXTJOIN(", ",TRUE,_xlfn._xlws.FILTER(_xlpm.codes,_xlpm.nums<1)),"")),IF($C65="CC",_xlfn.LET(_xlpm.codes,_xlfn._xlws.FILTER(Summary!D65:W65,Summary!D65:W65<>""),_xlpm.nums,TRANSPOSE(IFERROR(--Others!$J$3:$J$14,0)),IFERROR(_xlfn.TEXTJOIN(", ",TRUE,_xlfn._xlws.FILTER(_xlpm.codes,_xlpm.nums<1)),"")),IF($C65="","",_xlfn.LET(_xlpm.idx,COUNTIF($C$3:INDEX($C:$C,ROW()),"<>"),_xlpm.grpNo,ROUNDUP(_xlpm.idx/4,0),_xlpm.sh,CHOOSE(ROUNDUP(_xlpm.grpNo/2,0),"A-B","C-D","E-F","G-H","I-J","K-L"),_xlpm.startRow,IF(ISODD(_xlpm.grpNo),5,29),_xlpm.teamNo,MOD(_xlpm.idx-1,4)+1,_xlpm.counts,CHOOSE(_xlpm.teamNo,INDIRECT("'"&_xlpm.sh&"'!C"&_xlpm.startRow&":C"&(_xlpm.startRow+19)),INDIRECT("'"&_xlpm.sh&"'!F"&_xlpm.startRow&":F"&(_xlpm.startRow+19)),INDIRECT("'"&_xlpm.sh&"'!I"&_xlpm.startRow&":I"&(_xlpm.startRow+19)),INDIRECT("'"&_xlpm.sh&"'!L"&_xlpm.startRow&":L"&(_xlpm.startRow+19))),_xlpm.nums,TRANSPOSE(IFERROR(--_xlpm.counts,0)),_xlpm.codes,Summary!D65:W65,IFERROR(_xlfn.TEXTJOIN(", ",TRUE,_xlfn._xlws.FILTER(_xlpm.codes,_xlpm.nums<1)),""))))))} -> CC 1, CC 2, CC 3, CC 4, CC 5, CC 6, CC 7, CC 8, CC 9, CC 10, CC 11, CC 12

Sheet Extra Stickers
A1: Extra Stickers
A2: Group | B2: Team | C2: Shortcut
A3: A | B3: Mexico | C3: MEX | D3: {=IF($B3="Other",_xlfn.LET(_xlpm.num,IFERROR(--Others!$B$3,0),_xlpm.extra,_xlpm.num-1,IF(_xlpm.extra>0,_xlpm.extra&"x "&Summary!D3,"")),IF($C3="FWC",_xlfn.LET(_xlpm.codes,_xlfn._xlws.FILTER(Summary!D3:W3,Summary!D3:W3<>""),_xlpm.nums,TRANSPOSE(IFERROR(--Others!$F$3:$F$21,0)),_xlpm.extra,_xlpm.nums-1,IFERROR(_xlfn.TEXTJOIN(", ",TRUE,_xlfn._xlws.FILTER(_xlpm.extra&"x "&_xlpm.codes,_xlpm.extra>0)),"")),IF($C3="CC",_xlfn.LET(_xlpm.codes,_xlfn._xlws.FILTER(Summary!D3:W3,Summary!D3:W3<>""),_xlpm.nums,TRANSPOSE(IFERROR(--Others!$J$3:$J$14,0)),_xlpm.extra,_xlpm.nums-1,IFERROR(_xlfn.TEXTJOIN(", ",TRUE,_xlfn._xlws.FILTER(_xlpm.extra&"x "&_xlpm.codes,_xlpm.extra>0)),"")),IF($C3="","",_xlfn.LET(_xlpm.idx,COUNTIF($C$3:INDEX($C:$C,ROW()),"<>"),_xlpm.grpNo,ROUNDUP(_xlpm.idx/4,0),_xlpm.sh,CHOOSE(ROUNDUP(_xlpm.grpNo/2,0),"A-B","C-D","E-F","G-H","I-J","K-L"),_xlpm.startRow,IF(ISODD(_xlpm.grpNo),5,29),_xlpm.teamNo,MOD(_xlpm.idx-1,4)+1,_xlpm.counts,CHOOSE(_xlpm.teamNo,INDIRECT("'"&_xlpm.sh&"'!C"&_xlpm.startRow&":C"&(_xlpm.startRow+19)),INDIRECT("'"&_xlpm.sh&"'!F"&_xlpm.startRow&":F"&(_xlpm.startRow+19)),INDIRECT("'"&_xlpm.sh&"'!I"&_xlpm.startRow&":I"&(_xlpm.startRow+19)),INDIRECT("'"&_xlpm.sh&"'!L"&_xlpm.startRow&":L"&(_xlpm.startRow+19))),_xlpm.nums,TRANSPOSE(IFERROR(--_xlpm.counts,0)),_xlpm.codes,Summary!D3:W3,_xlpm.extra,_xlpm.nums-1,IFERROR(_xlfn.TEXTJOIN(", ",TRUE,_xlfn._xlws.FILTER(_xlpm.extra&"x "&_xlpm.codes,_xlpm.extra>0)),""))))))}
B4: South Africa | C4: RSA | D4: {=IF($B4="Other",_xlfn.LET(_xlpm.num,IFERROR(--Others!$B$3,0),_xlpm.extra,_xlpm.num-1,IF(_xlpm.extra>0,_xlpm.extra&"x "&Summary!D4,"")),IF($C4="FWC",_xlfn.LET(_xlpm.codes,_xlfn._xlws.FILTER(Summary!D4:W4,Summary!D4:W4<>""),_xlpm.nums,TRANSPOSE(IFERROR(--Others!$F$3:$F$21,0)),_xlpm.extra,_xlpm.nums-1,IFERROR(_xlfn.TEXTJOIN(", ",TRUE,_xlfn._xlws.FILTER(_xlpm.extra&"x "&_xlpm.codes,_xlpm.extra>0)),"")),IF($C4="CC",_xlfn.LET(_xlpm.codes,_xlfn._xlws.FILTER(Summary!D4:W4,Summary!D4:W4<>""),_xlpm.nums,TRANSPOSE(IFERROR(--Others!$J$3:$J$14,0)),_xlpm.extra,_xlpm.nums-1,IFERROR(_xlfn.TEXTJOIN(", ",TRUE,_xlfn._xlws.FILTER(_xlpm.extra&"x "&_xlpm.codes,_xlpm.extra>0)),"")),IF($C4="","",_xlfn.LET(_xlpm.idx,COUNTIF($C$3:INDEX($C:$C,ROW()),"<>"),_xlpm.grpNo,ROUNDUP(_xlpm.idx/4,0),_xlpm.sh,CHOOSE(ROUNDUP(_xlpm.grpNo/2,0),"A-B","C-D","E-F","G-H","I-J","K-L"),_xlpm.startRow,IF(ISODD(_xlpm.grpNo),5,29),_xlpm.teamNo,MOD(_xlpm.idx-1,4)+1,_xlpm.counts,CHOOSE(_xlpm.teamNo,INDIRECT("'"&_xlpm.sh&"'!C"&_xlpm.startRow&":C"&(_xlpm.startRow+19)),INDIRECT("'"&_xlpm.sh&"'!F"&_xlpm.startRow&":F"&(_xlpm.startRow+19)),INDIRECT("'"&_xlpm.sh&"'!I"&_xlpm.startRow&":I"&(_xlpm.startRow+19)),INDIRECT("'"&_xlpm.sh&"'!L"&_xlpm.startRow&":L"&(_xlpm.startRow+19))),_xlpm.nums,TRANSPOSE(IFERROR(--_xlpm.counts,0)),_xlpm.codes,Summary!D4:W4,_xlpm.extra,_xlpm.nums-1,IFERROR(_xlfn.TEXTJOIN(", ",TRUE,_xlfn._xlws.FILTER(_xlpm.extra&"x "&_xlpm.codes,_xlpm.extra>0)),""))))))}
B5: Korea Republic | C5: KOR | D5: {=IF($B5="Other",_xlfn.LET(_xlpm.num,IFERROR(--Others!$B$3,0),_xlpm.extra,_xlpm.num-1,IF(_xlpm.extra>0,_xlpm.extra&"x "&Summary!D5,"")),IF($C5="FWC",_xlfn.LET(_xlpm.codes,_xlfn._xlws.FILTER(Summary!D5:W5,Summary!D5:W5<>""),_xlpm.nums,TRANSPOSE(IFERROR(--Others!$F$3:$F$21,0)),_xlpm.extra,_xlpm.nums-1,IFERROR(_xlfn.TEXTJOIN(", ",TRUE,_xlfn._xlws.FILTER(_xlpm.extra&"x "&_xlpm.codes,_xlpm.extra>0)),"")),IF($C5="CC",_xlfn.LET(_xlpm.codes,_xlfn._xlws.FILTER(Summary!D5:W5,Summary!D5:W5<>""),_xlpm.nums,TRANSPOSE(IFERROR(--Others!$J$3:$J$14,0)),_xlpm.extra,_xlpm.nums-1,IFERROR(_xlfn.TEXTJOIN(", ",TRUE,_xlfn._xlws.FILTER(_xlpm.extra&"x "&_xlpm.codes,_xlpm.extra>0)),"")),IF($C5="","",_xlfn.LET(_xlpm.idx,COUNTIF($C$3:INDEX($C:$C,ROW()),"<>"),_xlpm.grpNo,ROUNDUP(_xlpm.idx/4,0),_xlpm.sh,CHOOSE(ROUNDUP(_xlpm.grpNo/2,0),"A-B","C-D","E-F","G-H","I-J","K-L"),_xlpm.startRow,IF(ISODD(_xlpm.grpNo),5,29),_xlpm.teamNo,MOD(_xlpm.idx-1,4)+1,_xlpm.counts,CHOOSE(_xlpm.teamNo,INDIRECT("'"&_xlpm.sh&"'!C"&_xlpm.startRow&":C"&(_xlpm.startRow+19)),INDIRECT("'"&_xlpm.sh&"'!F"&_xlpm.startRow&":F"&(_xlpm.startRow+19)),INDIRECT("'"&_xlpm.sh&"'!I"&_xlpm.startRow&":I"&(_xlpm.startRow+19)),INDIRECT("'"&_xlpm.sh&"'!L"&_xlpm.startRow&":L"&(_xlpm.startRow+19))),_xlpm.nums,TRANSPOSE(IFERROR(--_xlpm.counts,0)),_xlpm.codes,Summary!D5:W5,_xlpm.extra,_xlpm.nums-1,IFERROR(_xlfn.TEXTJOIN(", ",TRUE,_xlfn._xlws.FILTER(_xlpm.extra&"x "&_xlpm.codes,_xlpm.extra>0)),""))))))}
B6: Czechia | C6: CZE | D6: {=IF($B6="Other",_xlfn.LET(_xlpm.num,IFERROR(--Others!$B$3,0),_xlpm.extra,_xlpm.num-1,IF(_xlpm.extra>0,_xlpm.extra&"x "&Summary!D6,"")),IF($C6="FWC",_xlfn.LET(_xlpm.codes,_xlfn._xlws.FILTER(Summary!D6:W6,Summary!D6:W6<>""),_xlpm.nums,TRANSPOSE(IFERROR(--Others!$F$3:$F$21,0)),_xlpm.extra,_xlpm.nums-1,IFERROR(_xlfn.TEXTJOIN(", ",TRUE,_xlfn._xlws.FILTER(_xlpm.extra&"x "&_xlpm.codes,_xlpm.extra>0)),"")),IF($C6="CC",_xlfn.LET(_xlpm.codes,_xlfn._xlws.FILTER(Summary!D6:W6,Summary!D6:W6<>""),_xlpm.nums,TRANSPOSE(IFERROR(--Others!$J$3:$J$14,0)),_xlpm.extra,_xlpm.nums-1,IFERROR(_xlfn.TEXTJOIN(", ",TRUE,_xlfn._xlws.FILTER(_xlpm.extra&"x "&_xlpm.codes,_xlpm.extra>0)),"")),IF($C6="","",_xlfn.LET(_xlpm.idx,COUNTIF($C$3:INDEX($C:$C,ROW()),"<>"),_xlpm.grpNo,ROUNDUP(_xlpm.idx/4,0),_xlpm.sh,CHOOSE(ROUNDUP(_xlpm.grpNo/2,0),"A-B","C-D","E-F","G-H","I-J","K-L"),_xlpm.startRow,IF(ISODD(_xlpm.grpNo),5,29),_xlpm.teamNo,MOD(_xlpm.idx-1,4)+1,_xlpm.counts,CHOOSE(_xlpm.teamNo,INDIRECT("'"&_xlpm.sh&"'!C"&_xlpm.startRow&":C"&(_xlpm.startRow+19)),INDIRECT("'"&_xlpm.sh&"'!F"&_xlpm.startRow&":F"&(_xlpm.startRow+19)),INDIRECT("'"&_xlpm.sh&"'!I"&_xlpm.startRow&":I"&(_xlpm.startRow+19)),INDIRECT("'"&_xlpm.sh&"'!L"&_xlpm.startRow&":L"&(_xlpm.startRow+19))),_xlpm.nums,TRANSPOSE(IFERROR(--_xlpm.counts,0)),_xlpm.codes,Summary!D6:W6,_xlpm.extra,_xlpm.nums-1,IFERROR(_xlfn.TEXTJOIN(", ",TRUE,_xlfn._xlws.FILTER(_xlpm.extra&"x "&_xlpm.codes,_xlpm.extra>0)),""))))))}
A8: B | B8: Canada | C8: CAN | D8: {=IF($B8="Other",_xlfn.LET(_xlpm.num,IFERROR(--Others!$B$3,0),_xlpm.extra,_xlpm.num-1,IF(_xlpm.extra>0,_xlpm.extra&"x "&Summary!D8,"")),IF($C8="FWC",_xlfn.LET(_xlpm.codes,_xlfn._xlws.FILTER(Summary!D8:W8,Summary!D8:W8<>""),_xlpm.nums,TRANSPOSE(IFERROR(--Others!$F$3:$F$21,0)),_xlpm.extra,_xlpm.nums-1,IFERROR(_xlfn.TEXTJOIN(", ",TRUE,_xlfn._xlws.FILTER(_xlpm.extra&"x "&_xlpm.codes,_xlpm.extra>0)),"")),IF($C8="CC",_xlfn.LET(_xlpm.codes,_xlfn._xlws.FILTER(Summary!D8:W8,Summary!D8:W8<>""),_xlpm.nums,TRANSPOSE(IFERROR(--Others!$J$3:$J$14,0)),_xlpm.extra,_xlpm.nums-1,IFERROR(_xlfn.TEXTJOIN(", ",TRUE,_xlfn._xlws.FILTER(_xlpm.extra&"x "&_xlpm.codes,_xlpm.extra>0)),"")),IF($C8="","",_xlfn.LET(_xlpm.idx,COUNTIF($C$3:INDEX($C:$C,ROW()),"<>"),_xlpm.grpNo,ROUNDUP(_xlpm.idx/4,0),_xlpm.sh,CHOOSE(ROUNDUP(_xlpm.grpNo/2,0),"A-B","C-D","E-F","G-H","I-J","K-L"),_xlpm.startRow,IF(ISODD(_xlpm.grpNo),5,29),_xlpm.teamNo,MOD(_xlpm.idx-1,4)+1,_xlpm.counts,CHOOSE(_xlpm.teamNo,INDIRECT("'"&_xlpm.sh&"'!C"&_xlpm.startRow&":C"&(_xlpm.startRow+19)),INDIRECT("'"&_xlpm.sh&"'!F"&_xlpm.startRow&":F"&(_xlpm.startRow+19)),INDIRECT("'"&_xlpm.sh&"'!I"&_xlpm.startRow&":I"&(_xlpm.startRow+19)),INDIRECT("'"&_xlpm.sh&"'!L"&_xlpm.startRow&":L"&(_xlpm.startRow+19))),_xlpm.nums,TRANSPOSE(IFERROR(--_xlpm.counts,0)),_xlpm.codes,Summary!D8:W8,_xlpm.extra,_xlpm.nums-1,IFERROR(_xlfn.TEXTJOIN(", ",TRUE,_xlfn._xlws.FILTER(_xlpm.extra&"x "&_xlpm.codes,_xlpm.extra>0)),""))))))}
A9: B | B9: Bosnia-Herzegovina | C9: BIH | D9: {=IF($B9="Other",_xlfn.LET(_xlpm.num,IFERROR(--Others!$B$3,0),_xlpm.extra,_xlpm.num-1,IF(_xlpm.extra>0,_xlpm.extra&"x "&Summary!D9,"")),IF($C9="FWC",_xlfn.LET(_xlpm.codes,_xlfn._xlws.FILTER(Summary!D9:W9,Summary!D9:W9<>""),_xlpm.nums,TRANSPOSE(IFERROR(--Others!$F$3:$F$21,0)),_xlpm.extra,_xlpm.nums-1,IFERROR(_xlfn.TEXTJOIN(", ",TRUE,_xlfn._xlws.FILTER(_xlpm.extra&"x "&_xlpm.codes,_xlpm.extra>0)),"")),IF($C9="CC",_xlfn.LET(_xlpm.codes,_xlfn._xlws.FILTER(Summary!D9:W9,Summary!D9:W9<>""),_xlpm.nums,TRANSPOSE(IFERROR(--Others!$J$3:$J$14,0)),_xlpm.extra,_xlpm.nums-1,IFERROR(_xlfn.TEXTJOIN(", ",TRUE,_xlfn._xlws.FILTER(_xlpm.extra&"x "&_xlpm.codes,_xlpm.extra>0)),"")),IF($C9="","",_xlfn.LET(_xlpm.idx,COUNTIF($C$3:INDEX($C:$C,ROW()),"<>"),_xlpm.grpNo,ROUNDUP(_xlpm.idx/4,0),_xlpm.sh,CHOOSE(ROUNDUP(_xlpm.grpNo/2,0),"A-B","C-D","E-F","G-H","I-J","K-L"),_xlpm.startRow,IF(ISODD(_xlpm.grpNo),5,29),_xlpm.teamNo,MOD(_xlpm.idx-1,4)+1,_xlpm.counts,CHOOSE(_xlpm.teamNo,INDIRECT("'"&_xlpm.sh&"'!C"&_xlpm.startRow&":C"&(_xlpm.startRow+19)),INDIRECT("'"&_xlpm.sh&"'!F"&_xlpm.startRow&":F"&(_xlpm.startRow+19)),INDIRECT("'"&_xlpm.sh&"'!I"&_xlpm.startRow&":I"&(_xlpm.startRow+19)),INDIRECT("'"&_xlpm.sh&"'!L"&_xlpm.startRow&":L"&(_xlpm.startRow+19))),_xlpm.nums,TRANSPOSE(IFERROR(--_xlpm.counts,0)),_xlpm.codes,Summary!D9:W9,_xlpm.extra,_xlpm.nums-1,IFERROR(_xlfn.TEXTJOIN(", ",TRUE,_xlfn._xlws.FILTER(_xlpm.extra&"x "&_xlpm.codes,_xlpm.extra>0)),""))))))}
A10: B | B10: Qatar | C10: QAT | D10: {=IF($B10="Other",_xlfn.LET(_xlpm.num,IFERROR(--Others!$B$3,0),_xlpm.extra,_xlpm.num-1,IF(_xlpm.extra>0,_xlpm.extra&"x "&Summary!D10,"")),IF($C10="FWC",_xlfn.LET(_xlpm.codes,_xlfn._xlws.FILTER(Summary!D10:W10,Summary!D10:W10<>""),_xlpm.nums,TRANSPOSE(IFERROR(--Others!$F$3:$F$21,0)),_xlpm.extra,_xlpm.nums-1,IFERROR(_xlfn.TEXTJOIN(", ",TRUE,_xlfn._xlws.FILTER(_xlpm.extra&"x "&_xlpm.codes,_xlpm.extra>0)),"")),IF($C10="CC",_xlfn.LET(_xlpm.codes,_xlfn._xlws.FILTER(Summary!D10:W10,Summary!D10:W10<>""),_xlpm.nums,TRANSPOSE(IFERROR(--Others!$J$3:$J$14,0)),_xlpm.extra,_xlpm.nums-1,IFERROR(_xlfn.TEXTJOIN(", ",TRUE,_xlfn._xlws.FILTER(_xlpm.extra&"x "&_xlpm.codes,_xlpm.extra>0)),"")),IF($C10="","",_xlfn.LET(_xlpm.idx,COUNTIF($C$3:INDEX($C:$C,ROW()),"<>"),_xlpm.grpNo,ROUNDUP(_xlpm.idx/4,0),_xlpm.sh,CHOOSE(ROUNDUP(_xlpm.grpNo/2,0),"A-B","C-D","E-F","G-H","I-J","K-L"),_xlpm.startRow,IF(ISODD(_xlpm.grpNo),5,29),_xlpm.teamNo,MOD(_xlpm.idx-1,4)+1,_xlpm.counts,CHOOSE(_xlpm.teamNo,INDIRECT("'"&_xlpm.sh&"'!C"&_xlpm.startRow&":C"&(_xlpm.startRow+19)),INDIRECT("'"&_xlpm.sh&"'!F"&_xlpm.startRow&":F"&(_xlpm.startRow+19)),INDIRECT("'"&_xlpm.sh&"'!I"&_xlpm.startRow&":I"&(_xlpm.startRow+19)),INDIRECT("'"&_xlpm.sh&"'!L"&_xlpm.startRow&":L"&(_xlpm.startRow+19))),_xlpm.nums,TRANSPOSE(IFERROR(--_xlpm.counts,0)),_xlpm.codes,Summary!D10:W10,_xlpm.extra,_xlpm.nums-1,IFERROR(_xlfn.TEXTJOIN(", ",TRUE,_xlfn._xlws.FILTER(_xlpm.extra&"x "&_xlpm.codes,_xlpm.extra>0)),""))))))}
A11: B | B11: Switzerland | C11: SUI | D11: {=IF($B11="Other",_xlfn.LET(_xlpm.num,IFERROR(--Others!$B$3,0),_xlpm.extra,_xlpm.num-1,IF(_xlpm.extra>0,_xlpm.extra&"x "&Summary!D11,"")),IF($C11="FWC",_xlfn.LET(_xlpm.codes,_xlfn._xlws.FILTER(Summary!D11:W11,Summary!D11:W11<>""),_xlpm.nums,TRANSPOSE(IFERROR(--Others!$F$3:$F$21,0)),_xlpm.extra,_xlpm.nums-1,IFERROR(_xlfn.TEXTJOIN(", ",TRUE,_xlfn._xlws.FILTER(_xlpm.extra&"x "&_xlpm.codes,_xlpm.extra>0)),"")),IF($C11="CC",_xlfn.LET(_xlpm.codes,_xlfn._xlws.FILTER(Summary!D11:W11,Summary!D11:W11<>""),_xlpm.nums,TRANSPOSE(IFERROR(--Others!$J$3:$J$14,0)),_xlpm.extra,_xlpm.nums-1,IFERROR(_xlfn.TEXTJOIN(", ",TRUE,_xlfn._xlws.FILTER(_xlpm.extra&"x "&_xlpm.codes,_xlpm.extra>0)),"")),IF($C11="","",_xlfn.LET(_xlpm.idx,COUNTIF($C$3:INDEX($C:$C,ROW()),"<>"),_xlpm.grpNo,ROUNDUP(_xlpm.idx/4,0),_xlpm.sh,CHOOSE(ROUNDUP(_xlpm.grpNo/2,0),"A-B","C-D","E-F","G-H","I-J","K-L"),_xlpm.startRow,IF(ISODD(_xlpm.grpNo),5,29),_xlpm.teamNo,MOD(_xlpm.idx-1,4)+1,_xlpm.counts,CHOOSE(_xlpm.teamNo,INDIRECT("'"&_xlpm.sh&"'!C"&_xlpm.startRow&":C"&(_xlpm.startRow+19)),INDIRECT("'"&_xlpm.sh&"'!F"&_xlpm.startRow&":F"&(_xlpm.startRow+19)),INDIRECT("'"&_xlpm.sh&"'!I"&_xlpm.startRow&":I"&(_xlpm.startRow+19)),INDIRECT("'"&_xlpm.sh&"'!L"&_xlpm.startRow&":L"&(_xlpm.startRow+19))),_xlpm.nums,TRANSPOSE(IFERROR(--_xlpm.counts,0)),_xlpm.codes,Summary!D11:W11,_xlpm.extra,_xlpm.nums-1,IFERROR(_xlfn.TEXTJOIN(", ",TRUE,_xlfn._xlws.FILTER(_xlpm.extra&"x "&_xlpm.codes,_xlpm.extra>0)),""))))))}
A13: C | B13: Brazil | C13: BRA | D13: {=IF($B13="Other",_xlfn.LET(_xlpm.num,IFERROR(--Others!$B$3,0),_xlpm.extra,_xlpm.num-1,IF(_xlpm.extra>0,_xlpm.extra&"x "&Summary!D13,"")),IF($C13="FWC",_xlfn.LET(_xlpm.codes,_xlfn._xlws.FILTER(Summary!D13:W13,Summary!D13:W13<>""),_xlpm.nums,TRANSPOSE(IFERROR(--Others!$F$3:$F$21,0)),_xlpm.extra,_xlpm.nums-1,IFERROR(_xlfn.TEXTJOIN(", ",TRUE,_xlfn._xlws.FILTER(_xlpm.extra&"x "&_xlpm.codes,_xlpm.extra>0)),"")),IF($C13="CC",_xlfn.LET(_xlpm.codes,_xlfn._xlws.FILTER(Summary!D13:W13,Summary!D13:W13<>""),_xlpm.nums,TRANSPOSE(IFERROR(--Others!$J$3:$J$14,0)),_xlpm.extra,_xlpm.nums-1,IFERROR(_xlfn.TEXTJOIN(", ",TRUE,_xlfn._xlws.FILTER(_xlpm.extra&"x "&_xlpm.codes,_xlpm.extra>0)),"")),IF($C13="","",_xlfn.LET(_xlpm.idx,COUNTIF($C$3:INDEX($C:$C,ROW()),"<>"),_xlpm.grpNo,ROUNDUP(_xlpm.idx/4,0),_xlpm.sh,CHOOSE(ROUNDUP(_xlpm.grpNo/2,0),"A-B","C-D","E-F","G-H","I-J","K-L"),_xlpm.startRow,IF(ISODD(_xlpm.grpNo),5,29),_xlpm.teamNo,MOD(_xlpm.idx-1,4)+1,_xlpm.counts,CHOOSE(_xlpm.teamNo,INDIRECT("'"&_xlpm.sh&"'!C"&_xlpm.startRow&":C"&(_xlpm.startRow+19)),INDIRECT("'"&_xlpm.sh&"'!F"&_xlpm.startRow&":F"&(_xlpm.startRow+19)),INDIRECT("'"&_xlpm.sh&"'!I"&_xlpm.startRow&":I"&(_xlpm.startRow+19)),INDIRECT("'"&_xlpm.sh&"'!L"&_xlpm.startRow&":L"&(_xlpm.startRow+19))),_xlpm.nums,TRANSPOSE(IFERROR(--_xlpm.counts,0)),_xlpm.codes,Summary!D13:W13,_xlpm.extra,_xlpm.nums-1,IFERROR(_xlfn.TEXTJOIN(", ",TRUE,_xlfn._xlws.FILTER(_xlpm.extra&"x "&_xlpm.codes,_xlpm.extra>0)),""))))))}
A14: C | B14: Morocco | C14: MAR | D14: {=IF($B14="Other",_xlfn.LET(_xlpm.num,IFERROR(--Others!$B$3,0),_xlpm.extra,_xlpm.num-1,IF(_xlpm.extra>0,_xlpm.extra&"x "&Summary!D14,"")),IF($C14="FWC",_xlfn.LET(_xlpm.codes,_xlfn._xlws.FILTER(Summary!D14:W14,Summary!D14:W14<>""),_xlpm.nums,TRANSPOSE(IFERROR(--Others!$F$3:$F$21,0)),_xlpm.extra,_xlpm.nums-1,IFERROR(_xlfn.TEXTJOIN(", ",TRUE,_xlfn._xlws.FILTER(_xlpm.extra&"x "&_xlpm.codes,_xlpm.extra>0)),"")),IF($C14="CC",_xlfn.LET(_xlpm.codes,_xlfn._xlws.FILTER(Summary!D14:W14,Summary!D14:W14<>""),_xlpm.nums,TRANSPOSE(IFERROR(--Others!$J$3:$J$14,0)),_xlpm.extra,_xlpm.nums-1,IFERROR(_xlfn.TEXTJOIN(", ",TRUE,_xlfn._xlws.FILTER(_xlpm.extra&"x "&_xlpm.codes,_xlpm.extra>0)),"")),IF($C14="","",_xlfn.LET(_xlpm.idx,COUNTIF($C$3:INDEX($C:$C,ROW()),"<>"),_xlpm.grpNo,ROUNDUP(_xlpm.idx/4,0),_xlpm.sh,CHOOSE(ROUNDUP(_xlpm.grpNo/2,0),"A-B","C-D","E-F","G-H","I-J","K-L"),_xlpm.startRow,IF(ISODD(_xlpm.grpNo),5,29),_xlpm.teamNo,MOD(_xlpm.idx-1,4)+1,_xlpm.counts,CHOOSE(_xlpm.teamNo,INDIRECT("'"&_xlpm.sh&"'!C"&_xlpm.startRow&":C"&(_xlpm.startRow+19)),INDIRECT("'"&_xlpm.sh&"'!F"&_xlpm.startRow&":F"&(_xlpm.startRow+19)),INDIRECT("'"&_xlpm.sh&"'!I"&_xlpm.startRow&":I"&(_xlpm.startRow+19)),INDIRECT("'"&_xlpm.sh&"'!L"&_xlpm.startRow&":L"&(_xlpm.startRow+19))),_xlpm.nums,TRANSPOSE(IFERROR(--_xlpm.counts,0)),_xlpm.codes,Summary!D14:W14,_xlpm.extra,_xlpm.nums-1,IFERROR(_xlfn.TEXTJOIN(", ",TRUE,_xlfn._xlws.FILTER(_xlpm.extra&"x "&_xlpm.codes,_xlpm.extra>0)),""))))))}
A15: C | B15: Haiti | C15: HAI | D15: {=IF($B15="Other",_xlfn.LET(_xlpm.num,IFERROR(--Others!$B$3,0),_xlpm.extra,_xlpm.num-1,IF(_xlpm.extra>0,_xlpm.extra&"x "&Summary!D15,"")),IF($C15="FWC",_xlfn.LET(_xlpm.codes,_xlfn._xlws.FILTER(Summary!D15:W15,Summary!D15:W15<>""),_xlpm.nums,TRANSPOSE(IFERROR(--Others!$F$3:$F$21,0)),_xlpm.extra,_xlpm.nums-1,IFERROR(_xlfn.TEXTJOIN(", ",TRUE,_xlfn._xlws.FILTER(_xlpm.extra&"x "&_xlpm.codes,_xlpm.extra>0)),"")),IF($C15="CC",_xlfn.LET(_xlpm.codes,_xlfn._xlws.FILTER(Summary!D15:W15,Summary!D15:W15<>""),_xlpm.nums,TRANSPOSE(IFERROR(--Others!$J$3:$J$14,0)),_xlpm.extra,_xlpm.nums-1,IFERROR(_xlfn.TEXTJOIN(", ",TRUE,_xlfn._xlws.FILTER(_xlpm.extra&"x "&_xlpm.codes,_xlpm.extra>0)),"")),IF($C15="","",_xlfn.LET(_xlpm.idx,COUNTIF($C$3:INDEX($C:$C,ROW()),"<>"),_xlpm.grpNo,ROUNDUP(_xlpm.idx/4,0),_xlpm.sh,CHOOSE(ROUNDUP(_xlpm.grpNo/2,0),"A-B","C-D","E-F","G-H","I-J","K-L"),_xlpm.startRow,IF(ISODD(_xlpm.grpNo),5,29),_xlpm.teamNo,MOD(_xlpm.idx-1,4)+1,_xlpm.counts,CHOOSE(_xlpm.teamNo,INDIRECT("'"&_xlpm.sh&"'!C"&_xlpm.startRow&":C"&(_xlpm.startRow+19)),INDIRECT("'"&_xlpm.sh&"'!F"&_xlpm.startRow&":F"&(_xlpm.startRow+19)),INDIRECT("'"&_xlpm.sh&"'!I"&_xlpm.startRow&":I"&(_xlpm.startRow+19)),INDIRECT("'"&_xlpm.sh&"'!L"&_xlpm.startRow&":L"&(_xlpm.startRow+19))),_xlpm.nums,TRANSPOSE(IFERROR(--_xlpm.counts,0)),_xlpm.codes,Summary!D15:W15,_xlpm.extra,_xlpm.nums-1,IFERROR(_xlfn.TEXTJOIN(", ",TRUE,_xlfn._xlws.FILTER(_xlpm.extra&"x "&_xlpm.codes,_xlpm.extra>0)),""))))))}
A16: C | B16: Scotland | C16: SCO | D16: {=IF($B16="Other",_xlfn.LET(_xlpm.num,IFERROR(--Others!$B$3,0),_xlpm.extra,_xlpm.num-1,IF(_xlpm.extra>0,_xlpm.extra&"x "&Summary!D16,"")),IF($C16="FWC",_xlfn.LET(_xlpm.codes,_xlfn._xlws.FILTER(Summary!D16:W16,Summary!D16:W16<>""),_xlpm.nums,TRANSPOSE(IFERROR(--Others!$F$3:$F$21,0)),_xlpm.extra,_xlpm.nums-1,IFERROR(_xlfn.TEXTJOIN(", ",TRUE,_xlfn._xlws.FILTER(_xlpm.extra&"x "&_xlpm.codes,_xlpm.extra>0)),"")),IF($C16="CC",_xlfn.LET(_xlpm.codes,_xlfn._xlws.FILTER(Summary!D16:W16,Summary!D16:W16<>""),_xlpm.nums,TRANSPOSE(IFERROR(--Others!$J$3:$J$14,0)),_xlpm.extra,_xlpm.nums-1,IFERROR(_xlfn.TEXTJOIN(", ",TRUE,_xlfn._xlws.FILTER(_xlpm.extra&"x "&_xlpm.codes,_xlpm.extra>0)),"")),IF($C16="","",_xlfn.LET(_xlpm.idx,COUNTIF($C$3:INDEX($C:$C,ROW()),"<>"),_xlpm.grpNo,ROUNDUP(_xlpm.idx/4,0),_xlpm.sh,CHOOSE(ROUNDUP(_xlpm.grpNo/2,0),"A-B","C-D","E-F","G-H","I-J","K-L"),_xlpm.startRow,IF(ISODD(_xlpm.grpNo),5,29),_xlpm.teamNo,MOD(_xlpm.idx-1,4)+1,_xlpm.counts,CHOOSE(_xlpm.teamNo,INDIRECT("'"&_xlpm.sh&"'!C"&_xlpm.startRow&":C"&(_xlpm.startRow+19)),INDIRECT("'"&_xlpm.sh&"'!F"&_xlpm.startRow&":F"&(_xlpm.startRow+19)),INDIRECT("'"&_xlpm.sh&"'!I"&_xlpm.startRow&":I"&(_xlpm.startRow+19)),INDIRECT("'"&_xlpm.sh&"'!L"&_xlpm.startRow&":L"&(_xlpm.startRow+19))),_xlpm.nums,TRANSPOSE(IFERROR(--_xlpm.counts,0)),_xlpm.codes,Summary!D16:W16,_xlpm.extra,_xlpm.nums-1,IFERROR(_xlfn.TEXTJOIN(", ",TRUE,_xlfn._xlws.FILTER(_xlpm.extra&"x "&_xlpm.codes,_xlpm.extra>0)),""))))))}
A18: D | B18: USA | C18: USA | D18: {=IF($B18="Other",_xlfn.LET(_xlpm.num,IFERROR(--Others!$B$3,0),_xlpm.extra,_xlpm.num-1,IF(_xlpm.extra>0,_xlpm.extra&"x "&Summary!D18,"")),IF($C18="FWC",_xlfn.LET(_xlpm.codes,_xlfn._xlws.FILTER(Summary!D18:W18,Summary!D18:W18<>""),_xlpm.nums,TRANSPOSE(IFERROR(--Others!$F$3:$F$21,0)),_xlpm.extra,_xlpm.nums-1,IFERROR(_xlfn.TEXTJOIN(", ",TRUE,_xlfn._xlws.FILTER(_xlpm.extra&"x "&_xlpm.codes,_xlpm.extra>0)),"")),IF($C18="CC",_xlfn.LET(_xlpm.codes,_xlfn._xlws.FILTER(Summary!D18:W18,Summary!D18:W18<>""),_xlpm.nums,TRANSPOSE(IFERROR(--Others!$J$3:$J$14,0)),_xlpm.extra,_xlpm.nums-1,IFERROR(_xlfn.TEXTJOIN(", ",TRUE,_xlfn._xlws.FILTER(_xlpm.extra&"x "&_xlpm.codes,_xlpm.extra>0)),"")),IF($C18="","",_xlfn.LET(_xlpm.idx,COUNTIF($C$3:INDEX($C:$C,ROW()),"<>"),_xlpm.grpNo,ROUNDUP(_xlpm.idx/4,0),_xlpm.sh,CHOOSE(ROUNDUP(_xlpm.grpNo/2,0),"A-B","C-D","E-F","G-H","I-J","K-L"),_xlpm.startRow,IF(ISODD(_xlpm.grpNo),5,29),_xlpm.teamNo,MOD(_xlpm.idx-1,4)+1,_xlpm.counts,CHOOSE(_xlpm.teamNo,INDIRECT("'"&_xlpm.sh&"'!C"&_xlpm.startRow&":C"&(_xlpm.startRow+19)),INDIRECT("'"&_xlpm.sh&"'!F"&_xlpm.startRow&":F"&(_xlpm.startRow+19)),INDIRECT("'"&_xlpm.sh&"'!I"&_xlpm.startRow&":I"&(_xlpm.startRow+19)),INDIRECT("'"&_xlpm.sh&"'!L"&_xlpm.startRow&":L"&(_xlpm.startRow+19))),_xlpm.nums,TRANSPOSE(IFERROR(--_xlpm.counts,0)),_xlpm.codes,Summary!D18:W18,_xlpm.extra,_xlpm.nums-1,IFERROR(_xlfn.TEXTJOIN(", ",TRUE,_xlfn._xlws.FILTER(_xlpm.extra&"x "&_xlpm.codes,_xlpm.extra>0)),""))))))}
A19: D | B19: Paraguay | C19: PAR | D19: {=IF($B19="Other",_xlfn.LET(_xlpm.num,IFERROR(--Others!$B$3,0),_xlpm.extra,_xlpm.num-1,IF(_xlpm.extra>0,_xlpm.extra&"x "&Summary!D19,"")),IF($C19="FWC",_xlfn.LET(_xlpm.codes,_xlfn._xlws.FILTER(Summary!D19:W19,Summary!D19:W19<>""),_xlpm.nums,TRANSPOSE(IFERROR(--Others!$F$3:$F$21,0)),_xlpm.extra,_xlpm.nums-1,IFERROR(_xlfn.TEXTJOIN(", ",TRUE,_xlfn._xlws.FILTER(_xlpm.extra&"x "&_xlpm.codes,_xlpm.extra>0)),"")),IF($C19="CC",_xlfn.LET(_xlpm.codes,_xlfn._xlws.FILTER(Summary!D19:W19,Summary!D19:W19<>""),_xlpm.nums,TRANSPOSE(IFERROR(--Others!$J$3:$J$14,0)),_xlpm.extra,_xlpm.nums-1,IFERROR(_xlfn.TEXTJOIN(", ",TRUE,_xlfn._xlws.FILTER(_xlpm.extra&"x "&_xlpm.codes,_xlpm.extra>0)),"")),IF($C19="","",_xlfn.LET(_xlpm.idx,COUNTIF($C$3:INDEX($C:$C,ROW()),"<>"),_xlpm.grpNo,ROUNDUP(_xlpm.idx/4,0),_xlpm.sh,CHOOSE(ROUNDUP(_xlpm.grpNo/2,0),"A-B","C-D","E-F","G-H","I-J","K-L"),_xlpm.startRow,IF(ISODD(_xlpm.grpNo),5,29),_xlpm.teamNo,MOD(_xlpm.idx-1,4)+1,_xlpm.counts,CHOOSE(_xlpm.teamNo,INDIRECT("'"&_xlpm.sh&"'!C"&_xlpm.startRow&":C"&(_xlpm.startRow+19)),INDIRECT("'"&_xlpm.sh&"'!F"&_xlpm.startRow&":F"&(_xlpm.startRow+19)),INDIRECT("'"&_xlpm.sh&"'!I"&_xlpm.startRow&":I"&(_xlpm.startRow+19)),INDIRECT("'"&_xlpm.sh&"'!L"&_xlpm.startRow&":L"&(_xlpm.startRow+19))),_xlpm.nums,TRANSPOSE(IFERROR(--_xlpm.counts,0)),_xlpm.codes,Summary!D19:W19,_xlpm.extra,_xlpm.nums-1,IFERROR(_xlfn.TEXTJOIN(", ",TRUE,_xlfn._xlws.FILTER(_xlpm.extra&"x "&_xlpm.codes,_xlpm.extra>0)),""))))))}
A20: D | B20: Australia | C20: AUS | D20: {=IF($B20="Other",_xlfn.LET(_xlpm.num,IFERROR(--Others!$B$3,0),_xlpm.extra,_xlpm.num-1,IF(_xlpm.extra>0,_xlpm.extra&"x "&Summary!D20,"")),IF($C20="FWC",_xlfn.LET(_xlpm.codes,_xlfn._xlws.FILTER(Summary!D20:W20,Summary!D20:W20<>""),_xlpm.nums,TRANSPOSE(IFERROR(--Others!$F$3:$F$21,0)),_xlpm.extra,_xlpm.nums-1,IFERROR(_xlfn.TEXTJOIN(", ",TRUE,_xlfn._xlws.FILTER(_xlpm.extra&"x "&_xlpm.codes,_xlpm.extra>0)),"")),IF($C20="CC",_xlfn.LET(_xlpm.codes,_xlfn._xlws.FILTER(Summary!D20:W20,Summary!D20:W20<>""),_xlpm.nums,TRANSPOSE(IFERROR(--Others!$J$3:$J$14,0)),_xlpm.extra,_xlpm.nums-1,IFERROR(_xlfn.TEXTJOIN(", ",TRUE,_xlfn._xlws.FILTER(_xlpm.extra&"x "&_xlpm.codes,_xlpm.extra>0)),"")),IF($C20="","",_xlfn.LET(_xlpm.idx,COUNTIF($C$3:INDEX($C:$C,ROW()),"<>"),_xlpm.grpNo,ROUNDUP(_xlpm.idx/4,0),_xlpm.sh,CHOOSE(ROUNDUP(_xlpm.grpNo/2,0),"A-B","C-D","E-F","G-H","I-J","K-L"),_xlpm.startRow,IF(ISODD(_xlpm.grpNo),5,29),_xlpm.teamNo,MOD(_xlpm.idx-1,4)+1,_xlpm.counts,CHOOSE(_xlpm.teamNo,INDIRECT("'"&_xlpm.sh&"'!C"&_xlpm.startRow&":C"&(_xlpm.startRow+19)),INDIRECT("'"&_xlpm.sh&"'!F"&_xlpm.startRow&":F"&(_xlpm.startRow+19)),INDIRECT("'"&_xlpm.sh&"'!I"&_xlpm.startRow&":I"&(_xlpm.startRow+19)),INDIRECT("'"&_xlpm.sh&"'!L"&_xlpm.startRow&":L"&(_xlpm.startRow+19))),_xlpm.nums,TRANSPOSE(IFERROR(--_xlpm.counts,0)),_xlpm.codes,Summary!D20:W20,_xlpm.extra,_xlpm.nums-1,IFERROR(_xlfn.TEXTJOIN(", ",TRUE,_xlfn._xlws.FILTER(_xlpm.extra&"x "&_xlpm.codes,_xlpm.extra>0)),""))))))}
A21: D | B21: Türkiye | C21: TUR | D21: {=IF($B21="Other",_xlfn.LET(_xlpm.num,IFERROR(--Others!$B$3,0),_xlpm.extra,_xlpm.num-1,IF(_xlpm.extra>0,_xlpm.extra&"x "&Summary!D21,"")),IF($C21="FWC",_xlfn.LET(_xlpm.codes,_xlfn._xlws.FILTER(Summary!D21:W21,Summary!D21:W21<>""),_xlpm.nums,TRANSPOSE(IFERROR(--Others!$F$3:$F$21,0)),_xlpm.extra,_xlpm.nums-1,IFERROR(_xlfn.TEXTJOIN(", ",TRUE,_xlfn._xlws.FILTER(_xlpm.extra&"x "&_xlpm.codes,_xlpm.extra>0)),"")),IF($C21="CC",_xlfn.LET(_xlpm.codes,_xlfn._xlws.FILTER(Summary!D21:W21,Summary!D21:W21<>""),_xlpm.nums,TRANSPOSE(IFERROR(--Others!$J$3:$J$14,0)),_xlpm.extra,_xlpm.nums-1,IFERROR(_xlfn.TEXTJOIN(", ",TRUE,_xlfn._xlws.FILTER(_xlpm.extra&"x "&_xlpm.codes,_xlpm.extra>0)),"")),IF($C21="","",_xlfn.LET(_xlpm.idx,COUNTIF($C$3:INDEX($C:$C,ROW()),"<>"),_xlpm.grpNo,ROUNDUP(_xlpm.idx/4,0),_xlpm.sh,CHOOSE(ROUNDUP(_xlpm.grpNo/2,0),"A-B","C-D","E-F","G-H","I-J","K-L"),_xlpm.startRow,IF(ISODD(_xlpm.grpNo),5,29),_xlpm.teamNo,MOD(_xlpm.idx-1,4)+1,_xlpm.counts,CHOOSE(_xlpm.teamNo,INDIRECT("'"&_xlpm.sh&"'!C"&_xlpm.startRow&":C"&(_xlpm.startRow+19)),INDIRECT("'"&_xlpm.sh&"'!F"&_xlpm.startRow&":F"&(_xlpm.startRow+19)),INDIRECT("'"&_xlpm.sh&"'!I"&_xlpm.startRow&":I"&(_xlpm.startRow+19)),INDIRECT("'"&_xlpm.sh&"'!L"&_xlpm.startRow&":L"&(_xlpm.startRow+19))),_xlpm.nums,TRANSPOSE(IFERROR(--_xlpm.counts,0)),_xlpm.codes,Summary!D21:W21,_xlpm.extra,_xlpm.nums-1,IFERROR(_xlfn.TEXTJOIN(", ",TRUE,_xlfn._xlws.FILTER(_xlpm.extra&"x "&_xlpm.codes,_xlpm.extra>0)),""))))))}
... A61: L | B61: Panama | C61: PAN | D61: {=IF($B61="Other",_xlfn.LET(_xlpm.num,IFERROR(--Others!$B$3,0),_xlpm.extra,_xlpm.num-1,IF(_xlpm.extra>0,_xlpm.extra&"x "&Summary!D61,"")),IF($C61="FWC",_xlfn.LET(_xlpm.codes,_xlfn._xlws.FILTER(Summary!D61:W61,Summary!D61:W61<>""),_xlpm.nums,TRANSPOSE(IFERROR(--Others!$F$3:$F$21,0)),_xlpm.extra,_xlpm.nums-1,IFERROR(_xlfn.TEXTJOIN(", ",TRUE,_xlfn._xlws.FILTER(_xlpm.extra&"x "&_xlpm.codes,_xlpm.extra>0)),"")),IF($C61="CC",_xlfn.LET(_xlpm.codes,_xlfn._xlws.FILTER(Summary!D61:W61,Summary!D61:W61<>""),_xlpm.nums,TRANSPOSE(IFERROR(--Others!$J$3:$J$14,0)),_xlpm.extra,_xlpm.nums-1,IFERROR(_xlfn.TEXTJOIN(", ",TRUE,_xlfn._xlws.FILTER(_xlpm.extra&"x "&_xlpm.codes,_xlpm.extra>0)),"")),IF($C61="","",_xlfn.LET(_xlpm.idx,COUNTIF($C$3:INDEX($C:$C,ROW()),"<>"),_xlpm.grpNo,ROUNDUP(_xlpm.idx/4,0),_xlpm.sh,CHOOSE(ROUNDUP(_xlpm.grpNo/2,0),"A-B","C-D","E-F","G-H","I-J","K-L"),_xlpm.startRow,IF(ISODD(_xlpm.grpNo),5,29),_xlpm.teamNo,MOD(_xlpm.idx-1,4)+1,_xlpm.counts,CHOOSE(_xlpm.teamNo,INDIRECT("'"&_xlpm.sh&"'!C"&_xlpm.startRow&":C"&(_xlpm.startRow+19)),INDIRECT("'"&_xlpm.sh&"'!F"&_xlpm.startRow&":F"&(_xlpm.startRow+19)),INDIRECT("'"&_xlpm.sh&"'!I"&_xlpm.startRow&":I"&(_xlpm.startRow+19)),INDIRECT("'"&_xlpm.sh&"'!L"&_xlpm.startRow&":L"&(_xlpm.startRow+19))),_xlpm.nums,TRANSPOSE(IFERROR(--_xlpm.counts,0)),_xlpm.codes,Summary!D61:W61,_xlpm.extra,_xlpm.nums-1,IFERROR(_xlfn.TEXTJOIN(", ",TRUE,_xlfn._xlws.FILTER(_xlpm.extra&"x "&_xlpm.codes,_xlpm.extra>0)),""))))))}
B63: Other | C63: 00 | D63: {=IF($B63="Other",_xlfn.LET(_xlpm.num,IFERROR(--Others!$B$3,0),_xlpm.extra,_xlpm.num-1,IF(_xlpm.extra>0,_xlpm.extra&"x "&Summary!D63,"")),IF($C63="FWC",_xlfn.LET(_xlpm.codes,_xlfn._xlws.FILTER(Summary!D63:W63,Summary!D63:W63<>""),_xlpm.nums,TRANSPOSE(IFERROR(--Others!$F$3:$F$21,0)),_xlpm.extra,_xlpm.nums-1,IFERROR(_xlfn.TEXTJOIN(", ",TRUE,_xlfn._xlws.FILTER(_xlpm.extra&"x "&_xlpm.codes,_xlpm.extra>0)),"")),IF($C63="CC",_xlfn.LET(_xlpm.codes,_xlfn._xlws.FILTER(Summary!D63:W63,Summary!D63:W63<>""),_xlpm.nums,TRANSPOSE(IFERROR(--Others!$J$3:$J$14,0)),_xlpm.extra,_xlpm.nums-1,IFERROR(_xlfn.TEXTJOIN(", ",TRUE,_xlfn._xlws.FILTER(_xlpm.extra&"x "&_xlpm.codes,_xlpm.extra>0)),"")),IF($C63="","",_xlfn.LET(_xlpm.idx,COUNTIF($C$3:INDEX($C:$C,ROW()),"<>"),_xlpm.grpNo,ROUNDUP(_xlpm.idx/4,0),_xlpm.sh,CHOOSE(ROUNDUP(_xlpm.grpNo/2,0),"A-B","C-D","E-F","G-H","I-J","K-L"),_xlpm.startRow,IF(ISODD(_xlpm.grpNo),5,29),_xlpm.teamNo,MOD(_xlpm.idx-1,4)+1,_xlpm.counts,CHOOSE(_xlpm.teamNo,INDIRECT("'"&_xlpm.sh&"'!C"&_xlpm.startRow&":C"&(_xlpm.startRow+19)),INDIRECT("'"&_xlpm.sh&"'!F"&_xlpm.startRow&":F"&(_xlpm.startRow+19)),INDIRECT("'"&_xlpm.sh&"'!I"&_xlpm.startRow&":I"&(_xlpm.startRow+19)),INDIRECT("'"&_xlpm.sh&"'!L"&_xlpm.startRow&":L"&(_xlpm.startRow+19))),_xlpm.nums,TRANSPOSE(IFERROR(--_xlpm.counts,0)),_xlpm.codes,Summary!D63:W63,_xlpm.extra,_xlpm.nums-1,IFERROR(_xlfn.TEXTJOIN(", ",TRUE,_xlfn._xlws.FILTER(_xlpm.extra&"x "&_xlpm.codes,_xlpm.extra>0)),""))))))}
B64: FIFA World Cup History | C64: FWC | D64: {=IF($B64="Other",_xlfn.LET(_xlpm.num,IFERROR(--Others!$B$3,0),_xlpm.extra,_xlpm.num-1,IF(_xlpm.extra>0,_xlpm.extra&"x "&Summary!D64,"")),IF($C64="FWC",_xlfn.LET(_xlpm.codes,_xlfn._xlws.FILTER(Summary!D64:W64,Summary!D64:W64<>""),_xlpm.nums,TRANSPOSE(IFERROR(--Others!$F$3:$F$21,0)),_xlpm.extra,_xlpm.nums-1,IFERROR(_xlfn.TEXTJOIN(", ",TRUE,_xlfn._xlws.FILTER(_xlpm.extra&"x "&_xlpm.codes,_xlpm.extra>0)),"")),IF($C64="CC",_xlfn.LET(_xlpm.codes,_xlfn._xlws.FILTER(Summary!D64:W64,Summary!D64:W64<>""),_xlpm.nums,TRANSPOSE(IFERROR(--Others!$J$3:$J$14,0)),_xlpm.extra,_xlpm.nums-1,IFERROR(_xlfn.TEXTJOIN(", ",TRUE,_xlfn._xlws.FILTER(_xlpm.extra&"x "&_xlpm.codes,_xlpm.extra>0)),"")),IF($C64="","",_xlfn.LET(_xlpm.idx,COUNTIF($C$3:INDEX($C:$C,ROW()),"<>"),_xlpm.grpNo,ROUNDUP(_xlpm.idx/4,0),_xlpm.sh,CHOOSE(ROUNDUP(_xlpm.grpNo/2,0),"A-B","C-D","E-F","G-H","I-J","K-L"),_xlpm.startRow,IF(ISODD(_xlpm.grpNo),5,29),_xlpm.teamNo,MOD(_xlpm.idx-1,4)+1,_xlpm.counts,CHOOSE(_xlpm.teamNo,INDIRECT("'"&_xlpm.sh&"'!C"&_xlpm.startRow&":C"&(_xlpm.startRow+19)),INDIRECT("'"&_xlpm.sh&"'!F"&_xlpm.startRow&":F"&(_xlpm.startRow+19)),INDIRECT("'"&_xlpm.sh&"'!I"&_xlpm.startRow&":I"&(_xlpm.startRow+19)),INDIRECT("'"&_xlpm.sh&"'!L"&_xlpm.startRow&":L"&(_xlpm.startRow+19))),_xlpm.nums,TRANSPOSE(IFERROR(--_xlpm.counts,0)),_xlpm.codes,Summary!D64:W64,_xlpm.extra,_xlpm.nums-1,IFERROR(_xlfn.TEXTJOIN(", ",TRUE,_xlfn._xlws.FILTER(_xlpm.extra&"x "&_xlpm.codes,_xlpm.extra>0)),""))))))}
B65: Coca-Cola | C65: CC | D65: {=IF($B65="Other",_xlfn.LET(_xlpm.num,IFERROR(--Others!$B$3,0),_xlpm.extra,_xlpm.num-1,IF(_xlpm.extra>0,_xlpm.extra&"x "&Summary!D65,"")),IF($C65="FWC",_xlfn.LET(_xlpm.codes,_xlfn._xlws.FILTER(Summary!D65:W65,Summary!D65:W65<>""),_xlpm.nums,TRANSPOSE(IFERROR(--Others!$F$3:$F$21,0)),_xlpm.extra,_xlpm.nums-1,IFERROR(_xlfn.TEXTJOIN(", ",TRUE,_xlfn._xlws.FILTER(_xlpm.extra&"x "&_xlpm.codes,_xlpm.extra>0)),"")),IF($C65="CC",_xlfn.LET(_xlpm.codes,_xlfn._xlws.FILTER(Summary!D65:W65,Summary!D65:W65<>""),_xlpm.nums,TRANSPOSE(IFERROR(--Others!$J$3:$J$14,0)),_xlpm.extra,_xlpm.nums-1,IFERROR(_xlfn.TEXTJOIN(", ",TRUE,_xlfn._xlws.FILTER(_xlpm.extra&"x "&_xlpm.codes,_xlpm.extra>0)),"")),IF($C65="","",_xlfn.LET(_xlpm.idx,COUNTIF($C$3:INDEX($C:$C,ROW()),"<>"),_xlpm.grpNo,ROUNDUP(_xlpm.idx/4,0),_xlpm.sh,CHOOSE(ROUNDUP(_xlpm.grpNo/2,0),"A-B","C-D","E-F","G-H","I-J","K-L"),_xlpm.startRow,IF(ISODD(_xlpm.grpNo),5,29),_xlpm.teamNo,MOD(_xlpm.idx-1,4)+1,_xlpm.counts,CHOOSE(_xlpm.teamNo,INDIRECT("'"&_xlpm.sh&"'!C"&_xlpm.startRow&":C"&(_xlpm.startRow+19)),INDIRECT("'"&_xlpm.sh&"'!F"&_xlpm.startRow&":F"&(_xlpm.startRow+19)),INDIRECT("'"&_xlpm.sh&"'!I"&_xlpm.startRow&":I"&(_xlpm.startRow+19)),INDIRECT("'"&_xlpm.sh&"'!L"&_xlpm.startRow&":L"&(_xlpm.startRow+19))),_xlpm.nums,TRANSPOSE(IFERROR(--_xlpm.counts,0)),_xlpm.codes,Summary!D65:W65,_xlpm.extra,_xlpm.nums-1,IFERROR(_xlfn.TEXTJOIN(", ",TRUE,_xlfn._xlws.FILTER(_xlpm.extra&"x "&_xlpm.codes,_xlpm.extra>0)),""))))))}
